Bankrupt,Net_Value_Per_Share_(B),Net_Value_Per_Share_(A),Net_Value_Per_Share_(C),Operating_Profit_Growth_Rate,Total_Asset_Return_Growth_Rate_Ratio,Total_debt/Total_net_worth,Operating_profit/Paid-in_capital,Net_profit_before_tax/Paid-in_capital,Average_Collection_Days,Revenue_per_person,Total_income/Total_expense
0,0.200707935,0.18979394,0.189625385,0.848057039,0.264068194,0.006892275,0.123226994,0.184352613,0.008954943,0.015525168,0.002307044
0,0.195693397,0.185495765,0.185411487,0.848037981,0.26405887,0.01100776,0.101226245,0.176970063,0.007640778,0.016535699,0.002307051
0,0.228098268,0.213138932,0.212843959,0.848160903,0.264090729,0.004948978,0.107113196,0.176902194,0.006525572,0.013104593,0.002307374
0,0.179849142,0.166701782,0.162066495,0.847921389,0.263450436,0.011572238,0.106803785,0.182738858,0.00784657,0.050858511,0.002307434
0,0.187012768,0.176941553,0.176520163,0.847992031,0.264118703,0.022207936,0.109140652,0.186366036,0.01148593,0.026364878,0.002307808
0,0.202688467,0.19143736,0.191226666,0.848062509,0.263443442,0.002895339,0.104450633,0.181947063,0.005190059,0.01527841,0.002307983
0,0.189878218,0.180059837,0.179680587,0.848013065,0.264434187,0.005543549,0.103302555,0.173538949,0.005052579,0.02172936,0.002308747
0,0.194007838,0.184147318,0.183936623,0.848031487,0.263985049,0.003863796,0.103050141,0.175318603,0.00517725,0.01770486,0.00230954
0,0.188951161,0.178922085,0.17871139,0.848006618,0.264483142,0.003797226,0.112071914,0.185943745,0.005362548,0.02296021,0.00231003
0,0.223673676,0.207997977,0.207829421,0.848142174,0.263862275,0.004727382,0.10770759,0.17528844,0.013995568,0.01350998,0.002310197
0,0.230584468,0.216172938,0.215877966,0.848175384,0.2639664,0.013670561,0.100232872,0.175597617,0.007775695,0.012678642,0.002310273
0,0.220428975,0.205553917,0.205343222,0.848133575,0.264443512,0.009800381,0.111746218,0.183877536,0.009220509,0.013689174,0.002310866
0,0.208461506,0.196325481,0.196156926,0.848083425,0.264065863,0.00372792,0.11525559,0.181585099,0.008001127,0.014561638,0.002310934
0,0.188108381,0.178079306,0.177742194,0.848001489,0.263823422,0.009048049,0.099540769,0.173561572,0.007791919,0.025004774,0.002311008
0,0.189035439,0.179006363,0.178753529,0.848006924,0.263883255,0.006082492,0.097472601,0.176464822,0.010618358,0.022939647,0.002311382
0,0.186970629,0.176688719,0.176309469,0.847991067,0.26407208,0.002566137,0.104108652,0.178493326,0.00737692,0.026511758,0.002311425
0,0.193207197,0.183178121,0.182967427,0.848027452,0.263860721,0.003644936,0.109669907,0.184149008,0.014098891,0.018530323,0.00231173
0,0.196915427,0.186338545,0.186254267,0.848043004,0.26377369,0.005375756,0.110296872,0.181291004,0.00839051,0.016309505,0.002311886
0,0.188276937,0.178332139,0.177995028,0.848003372,0.263846734,0.008730702,0.108448548,0.178485785,0.006976436,0.024696327,0.002311931
0,0.239349374,0.226496987,0.225401374,0.848241897,0.263716965,0.003471671,0.110305014,0.182769022,0.007882434,0.01123041,0.002312141
0,0.186844212,0.176520163,0.176014496,0.847989243,0.264168434,0.007985665,0.10430407,0.176314003,0.010124799,0.026596948,0.002312211
0,0.20129788,0.190594581,0.190510303,0.848059333,0.264057316,0.006334181,0.113162994,0.176773999,0.003625698,0.015416477,0.002312236
0,0.20993637,0.197336817,0.197294678,0.848086731,0.263706864,0.009029811,0.103481688,0.18109494,0.007044749,0.014479385,0.002312399
0,0.181492562,0.173738991,0.17335974,0.847971033,0.264245363,0.003777164,0.101503086,0.178063494,0.00786621,0.044572066,0.002312421
0,0.18815052,0.178121445,0.177784333,0.848001631,0.264589598,0.003021184,0.112438321,0.182165749,0.010641414,0.024975398,0.002313119
0,0.240782099,0.227044794,0.226623404,0.848246274,0.263834301,0.00806409,0.113399124,0.185838172,0.007517815,0.011065905,0.002313363
0,0.193965699,0.184147318,0.183852345,0.848031252,0.264225937,0.004316107,0.136148973,0.207186487,0.008209481,0.017798863,0.002313823
0,0.191521638,0.181618979,0.181492562,0.848020735,0.263993597,0.012064673,0.114262218,0.183545736,0.00549405,0.01987574,0.002315678
0,0.19843243,0.187644853,0.18734988,0.848047381,0.263859944,0.006868565,0.096902633,0.174157303,0.008925911,0.01599812,0.002315952
0,0.192996502,0.182967427,0.182756732,0.848026547,0.263957853,0.00464075,0.102024199,0.178123822,0.004649534,0.018718329,0.002316019
0,0.216425772,0.202730606,0.202056382,0.848111753,0.264314521,0.008303924,0.102203332,0.173915994,0.01082842,0.014035809,0.002316233
0,0.181029034,0.172854073,0.171884876,0.847962174,0.264163772,0.004604273,0.116077972,0.186479149,0.007540016,0.046155428,0.00231627
0,0.201845687,0.190973832,0.190889554,0.848060897,0.264761328,0.001938737,0.125995408,0.188153231,0.004381407,0.015337162,0.002316825
0,0.194934895,0.184947958,0.184779402,0.848035275,0.265210465,0.006593166,0.120141026,0.180333308,0.005628968,0.016764831,0.002317226
0,0.181956091,0.174076103,0.173738991,0.847975526,0.264237592,0.010656672,0.107308613,0.180732976,0.008364892,0.042841825,0.002317386
0,0.203615524,0.192364418,0.192364418,0.84806645,0.263887918,0.006493767,0.116428095,0.19427645,0.008232536,0.015078654,0.002317717
0,0.240487127,0.226665543,0.226623404,0.848244756,0.263803996,0.006465498,0.116949208,0.183153608,0.009372505,0.01107178,0.002317897
0,0.199022376,0.188276937,0.188066242,0.848050274,0.263950082,0.00384191,0.103595681,0.182527713,0.003914319,0.015877679,0.002317899
0,0.192785808,0.182756732,0.182503898,0.848025358,0.264107047,0.002295297,0.121761363,0.181909358,0.007621138,0.018809394,0.002318102
0,0.179891281,0.166954616,0.162951414,0.847923906,0.26379234,0.008058618,0.104369209,0.179986426,0.005217384,0.050782134,0.002318765
0,0.180902617,0.172348405,0.171632042,0.847959598,0.264424086,0.016345216,0.128617259,0.192753186,0.005895388,0.046572566,0.002318819
0,0.206354557,0.194302811,0.194260672,0.848076614,0.263701424,0.004684522,0.108432263,0.178071035,0.005240439,0.014767269,0.002319226
0,0.219923307,0.204668998,0.204542581,0.848126975,0.264204956,0.002963733,0.103579396,0.181728376,0.005814266,0.013789052,0.002319326
0,0.196831149,0.186296406,0.18612785,0.848042746,0.264227491,0.007944628,0.108106568,0.176042531,0.005897949,0.016324193,0.002319329
0,0.180860478,0.17213771,0.17091568,0.84795661,0.264220497,0.044967581,0.128096145,0.192919086,0.011478245,0.046866325,0.002319833
0,0.188234798,0.178247861,0.17791075,0.848002231,0.264117149,0.009227697,0.102577882,0.178757258,0.005448793,0.024787392,0.002320705
0,0.206902364,0.194977034,0.194892756,0.848079402,0.263560777,0.00603416,0.10481704,0.175394013,0.008187279,0.014702642,0.002320708
0,0.186844212,0.176435886,0.175972357,0.84798922,0.263510269,0.008230971,0.106917778,0.177792022,0.012660055,0.026614573,0.002320923
0,0.188866883,0.178837807,0.178500695,0.84800616,0.264016909,0.003653143,0.104922892,0.178221854,0.013706093,0.023174654,0.002320926
0,0.191690194,0.181703257,0.18157684,0.848021665,0.264385233,0.008327634,0.099622193,0.174413694,0.006178885,0.019681859,0.002321417
0,0.180986895,0.172727656,0.171758459,0.847961527,0.263655578,0.002324479,0.138493983,0.198868864,0.004175615,0.046258244,0.002321583
0,0.200412962,0.189541107,0.189372551,0.848056133,0.263630712,0.00374707,0.109743189,0.184141467,0.00395616,0.015616233,0.002321807
0,0.194555645,0.184652986,0.184610847,0.848033487,0.264110932,0.008820069,0.139348934,0.208151723,0.007592105,0.016917586,0.002322072
0,0.187307741,0.177236526,0.176941553,0.84799389,0.264082181,0.004728294,0.107422607,0.180665108,0.008282063,0.025891926,0.002322076
0,0.18692849,0.176562302,0.176140913,0.847990031,0.264316852,0.010757895,0.119823473,0.185943745,0.004775059,0.026552884,0.002322203
0,0.194934895,0.184947958,0.184821541,0.848035323,0.263535135,0.011885937,0.126312961,0.193635472,0.009121456,0.016758956,0.002322905
0,0.211200539,0.198558847,0.198306013,0.848093625,0.26418009,0.01596677,0.112218477,0.180250358,0.008315366,0.01438832,0.002324073
0,0.195272007,0.185327209,0.185116514,0.848036534,0.264002145,0.017902771,0.104572769,0.176163185,0.005663124,0.016606201,0.002324521
0,0.191268805,0.181366146,0.181071173,0.848019135,0.264237592,0.006744544,0.113977234,0.182459845,0.008841374,0.020560199,0.002324557
0,0.186970629,0.176815136,0.176435886,0.847991667,0.263747271,0.007025415,0.109018516,0.178629063,0.009534748,0.026397192,0.002324579
0,0.187644853,0.177531499,0.177278665,0.847996196,0.264295094,0.012206932,0.126084974,0.188304049,0.007990026,0.025565853,0.002324821
0,0.19063672,0.180818339,0.180439088,0.848017065,0.264390672,0.009141976,0.120653997,0.184593922,0.004670882,0.021165342,0.00232548
0,0.198895959,0.188234798,0.188024103,0.848049816,0.266253273,0.013640467,0.136572378,0.207269437,0.005923567,0.015898242,0.002325567
0,0.215077325,0.200960769,0.200876491,0.8481078,0.263626827,0.007871675,0.099662905,0.17437599,0.00887126,0.014165063,0.002326071
0,0.199485905,0.188951161,0.188740466,0.848052874,0.263703756,0.001863048,0.098417119,0.17462484,0.006763813,0.015736674,0.00232704
0,0.217099996,0.203278412,0.203109856,0.848115294,0.265655718,0.001871255,0.102154478,0.174934017,0.005684472,0.013953557,0.002327139
0,0.17955417,0.163667776,0.159538157,0.847899225,0.264163772,0.006606845,0.097008484,0.178176608,0.008047238,0.052215678,0.002327275
0,0.193712865,0.183852345,0.183725928,0.848030888,0.263845957,0.009632588,0.101600795,0.179254958,0.00894982,0.018157249,0.002327534
0,0.210273482,0.19763179,0.197463234,0.848087825,0.26411948,0.005049289,0.103766672,0.173395672,0.00766981,0.014452947,0.002327621
0,0.232607138,0.218237748,0.217774219,0.848185372,0.26380011,0.003814552,0.10967805,0.181245758,0.010056486,0.012320256,0.002327877
0,0.180396949,0.170789263,0.169061565,0.847949505,0.264369692,0.00804038,0.116126826,0.188605686,0.007708236,0.048446749,0.002328211
0,0.201972104,0.190973832,0.190889554,0.848061238,0.263974171,0.016443703,0.112731448,0.182112963,0.008260715,0.015334224,0.002328424
0,0.215540854,0.201382158,0.201087186,0.848109388,0.263871599,0.00415105,0.110622567,0.183040495,0.006054215,0.014109249,0.002328499
0,0.201213602,0.190510303,0.190383886,0.848059274,0.263861498,0.006020482,0.116916638,0.186471608,0.010178595,0.015434102,0.002328505
0,0.2218617,0.206354557,0.205975307,0.848138175,0.26423293,0.010059366,0.111542658,0.194366941,0.006049091,0.013642172,0.002328729
0,0.197505373,0.186844212,0.186675656,0.848044981,0.26424614,0.005683984,0.112633739,0.182324108,0.008768791,0.016203751,0.002329591
0,0.202688467,0.191395221,0.191184527,0.848062427,0.264084513,0.00696614,0.116721221,0.184428022,0.008161662,0.01527841,0.002329655
0,0.21979689,0.20458472,0.204500442,0.848126034,0.264624566,0.009412816,0.100550426,0.178470704,0.005917589,0.013791989,0.002330323
0,0.193670726,0.183810206,0.183515233,0.848029782,0.264646323,0.003150676,0.110060742,0.18275394,0.006717702,0.018218939,0.00233069
0,0.189498968,0.179469892,0.179259197,0.848010054,0.264411653,0.004648045,0.121443809,0.189699118,0.010913811,0.022284564,0.002330723
0,0.19556698,0.185495765,0.185369348,0.848037616,0.263878593,0.003635816,0.101950918,0.174594676,0.006204503,0.016541574,0.002331339
0,0.223673676,0.207913699,0.207787282,0.84814208,0.264034004,0.004847755,0.108163564,0.189043059,0.004225996,0.013512918,0.002331352
0,0.196451898,0.186043572,0.185917155,0.848040899,0.263458983,0.002192251,0.106494374,0.180461504,0.006241221,0.01638882,0.002331467
0,0.193797143,0.183936623,0.183810206,0.848030958,0.263989712,0.005437766,0.118308988,0.183734258,0.00872695,0.018101435,0.00233172
0,0.194302811,0.184610847,0.184400152,0.848033146,0.264314521,0.015933029,0.124497207,0.185453586,0.010724243,0.017005714,0.002332343
0,0.205764612,0.193965699,0.193839282,0.848074532,0.263633821,0.003117847,0.106714218,0.180325767,0.007139533,0.014817208,0.002332622
0,0.190594581,0.1807762,0.180396949,0.848016371,0.264161441,0.005619238,0.126264107,0.190747304,0.003625698,0.021197656,0.002333089
0,0.195609119,0.185495765,0.185411487,0.848037864,0.264270229,0.012613648,0.118944094,0.185551618,0.010799387,0.016538637,0.002333196
0,0.204753276,0.193460031,0.193375753,0.848071214,0.264029342,0.006474617,0.108171707,0.17844054,0.009354573,0.014917086,0.00233332
0,0.195398424,0.185369348,0.185116514,0.848036652,0.263999036,0.003443402,0.104792613,0.17761104,0.009864357,0.016594451,0.002333675
0,0.190299608,0.18035481,0.180144115,0.848014818,0.263748825,0.00724154,0.118577687,0.188417163,0.010020622,0.021500228,0.002333933
0,0.219965446,0.205090388,0.204668998,0.848128128,0.264664973,0.009038018,0.115174166,0.187037177,0.007403391,0.013768488,0.002334023
0,0.201845687,0.190931693,0.190847415,0.848060274,0.266437435,0.003644024,0.101592652,0.174918935,0.01112558,0.0153401,0.002334153
0,0.192069445,0.181956091,0.181703257,0.848022629,0.264197963,0.006377042,0.100745843,0.177460222,0.005467579,0.019285284,0.002334322
0,0.182461759,0.174539632,0.173991825,0.847977373,0.264654871,0.006475529,0.10178807,0.17794284,0.006741611,0.040782574,0.002334347
0,0.206396696,0.19434495,0.194302811,0.848076732,0.264062755,0.008017582,0.106917778,0.185280145,0.005880871,0.014764332,0.00233462
0,0.229699549,0.215414437,0.215119464,0.848169855,0.264082958,0.00684212,0.100753986,0.185430963,0.015710217,0.01284021,0.002334806
0,0.18979394,0.17993342,0.179638448,0.848012865,0.264322291,0.003022096,0.097985572,0.176087776,0.007473411,0.021832175,0.002334895
0,0.19063672,0.180818339,0.180396949,0.848016735,0.263864606,0.007193208,0.123967952,0.195121032,0.008172763,0.021185905,0.002335449
0,0.202604189,0.191310943,0.191184527,0.848062227,0.265721768,0.005758761,0.102691876,0.177316944,0.005658001,0.01527841,0.002335902
0,0.180312671,0.169567233,0.167881674,0.847941787,0.263837409,0.006160005,0.112014917,0.17985069,0.00776801,0.048907951,0.002335928
0,0.19843243,0.187560575,0.18734988,0.848047216,0.26401924,0.002416582,0.103807384,0.178644144,0.009391291,0.01599812,0.002336303
0,0.192364418,0.182293203,0.182040369,0.848023535,0.263791563,0.0039559,0.113798101,0.181004449,0.00765871,0.019079653,0.002336357
0,0.19063672,0.180860478,0.180439088,0.848017077,0.263453544,0.002671007,0.106119823,0.178908076,0.007341056,0.021150654,0.002336995
0,0.19885382,0.188234798,0.187981965,0.84804978,0.264302865,0.002340893,0.097928575,0.176675967,0.004522302,0.015901179,0.002337105
0,0.204289748,0.192996502,0.192954363,0.848068744,0.263641591,0.00253422,0.119652483,0.189947968,0.007093422,0.014978776,0.002337701
0,0.203489107,0.19228014,0.19228014,0.848065921,0.263987381,0.005029227,0.109287215,0.183100822,0.007412784,0.01509628,0.002337966
0,0.18035481,0.1700729,0.168176647,0.847945034,0.264561624,0.002564313,0.145789568,0.197564286,0.007617722,0.048734633,0.002338042
0,0.188276937,0.178247861,0.177952889,0.848002254,0.264044106,0.005076647,0.112479033,0.181336249,0.010523574,0.024775641,0.002338243
0,0.198516708,0.187729131,0.187518436,0.848048086,0.264038666,0.008961417,0.098905662,0.178704472,0.006376138,0.015977557,0.002338449
0,0.181239729,0.173401879,0.1725591,0.847967692,0.264194854,0.01795931,0.117136483,0.189239122,0.01215454,0.045441593,0.002338509
0,0.228561797,0.213391766,0.213138932,0.848162103,0.265018533,0.005265414,0.103497973,0.179820526,0.005655439,0.013086967,0.002338774
0,0.218701277,0.204036914,0.203868358,0.848121482,0.264271006,0.008252857,0.114009803,0.18515949,0.008503226,0.013856616,0.002338785
0,0.201045047,0.190383886,0.19021533,0.848058286,0.263956298,0.002430261,0.110899409,0.2,0.00730263,0.015460541,0.002338972
0,0.181366146,0.173570435,0.173022629,0.847969174,0.263971062,0.002017162,0.10695849,0.178787422,0.004939863,0.045062644,0.002339069
0,0.189709662,0.179764865,0.179512031,0.848011877,0.264111709,0.006068813,0.105403293,0.176706131,0.004256736,0.021993743,0.002339456
0,0.193628587,0.183725928,0.183388816,0.84802957,0.263834301,0.004811279,0.117958865,0.184450645,0.004184154,0.018257127,0.00234069
0,0.188361215,0.178416417,0.178079306,0.848004301,0.263717742,0.004120045,0.09866139,0.176185808,0.012824859,0.024628762,0.002341033
0,0.195019173,0.185074375,0.18486368,0.84803564,0.264031673,0.013114291,0.108700962,0.190950909,0.005526499,0.016720767,0.002341685
0,0.212211875,0.19927521,0.199022376,0.84809666,0.263564663,0.002712956,0.111746218,0.178998567,0.007143803,0.014332506,0.002341895
0,0.235683283,0.220850365,0.22021828,0.848215311,0.264330062,0.008911261,0.108570684,0.181660508,0.014185136,0.011903118,0.002342285
0,0.229530993,0.215330159,0.215119464,0.848169373,0.263822645,0.002324479,0.124220366,0.191629591,0.008311096,0.01284021,0.002342962
0,0.190973832,0.181071173,0.180860478,0.848018547,0.263995928,0.004783921,0.120963408,0.187670613,0.004438619,0.020762892,0.002343147
0,0.187729131,0.177657916,0.177362943,0.847997337,0.264082181,0.005228025,0.102292898,0.176811703,0.005252394,0.025457163,0.002343383
0,0.200876491,0.190131052,0.18979394,0.848057662,0.264340941,0.0124723,0.106103539,0.184488349,0.008003689,0.015492854,0.002343404
0,0.180986895,0.172727656,0.171758459,0.847961563,0.263807881,0.002200458,0.105647565,0.178975944,0.007224924,0.04622593,0.002343436
0,0.17993342,0.167460284,0.163667776,0.8479266,0.263889472,0.017779662,0.111265817,0.183447704,0.009774696,0.050464874,0.002343498
0,0.203573385,0.192364418,0.192322279,0.848066273,0.265129652,0.003749806,0.102887293,0.174466481,0.010032577,0.015084529,0.002343541
0,0.205891029,0.194092116,0.193965699,0.848075096,0.263948528,0.001847546,0.101478659,0.177633663,0.011712216,0.014799583,0.002343842
0,0.229910244,0.215667271,0.215330159,0.848170326,0.264187084,0.003005681,0.121557803,0.191659754,0.006167785,0.012775583,0.002344051
0,0.187897687,0.177784333,0.17748936,0.848000031,0.264002922,0.005061144,0.122030062,0.194864641,0.005289966,0.02538666,0.002344513
0,0.226960516,0.211242678,0.2111584,0.848154009,0.264181644,0.003106904,0.103196704,0.176555313,0.00895409,0.013366039,0.002345074
0,0.188698327,0.178753529,0.178332139,0.848005277,0.263967954,0.002931816,0.107780872,0.181879195,0.014276504,0.023321534,0.002345302
0,0.190973832,0.181071173,0.180860478,0.848018429,0.263994374,0.003035775,0.107349325,0.182165749,0.014099745,0.020786393,0.002346145
0,0.190046774,0.180144115,0.179849142,0.848013771,0.263549122,0.008595738,0.144584494,0.204524546,0.005502589,0.021608919,0.0023464
0,0.220344697,0.205343222,0.205216805,0.848131434,0.264003699,0.0031525,0.116965493,0.184231958,0.004623917,0.013700924,0.002346612
0,0.198179596,0.187181324,0.187054907,0.848046192,0.264050322,0.008762619,0.113830671,0.185528995,0.007014862,0.016065685,0.002347189
0,0.200665796,0.189751801,0.189625385,0.848057039,0.264164549,0.004904294,0.109458205,0.181434281,0.004984267,0.015557481,0.00234772
0,0.231132274,0.216762884,0.216678606,0.848176949,0.264094614,0.011620569,0.117804159,0.187286027,0.009667104,0.012502387,0.002348097
0,0.196072648,0.185875016,0.185580043,0.848039428,0.264137352,0.004141931,0.102235901,0.17470779,0.006514472,0.016468134,0.002348308
0,0.188066242,0.178079306,0.177742194,0.848001407,0.263748048,0.007306286,0.112641881,0.181283463,0.004154267,0.025025337,0.00234849
0,0.213981712,0.200876491,0.200581518,0.848105224,0.264152893,0.001824748,0.098360122,0.175816303,0.008235098,0.01420619,0.002349997
0,0.183051705,0.174750327,0.174286798,0.847980314,0.264078296,0.011456424,0.123357272,0.193220722,0.011013718,0.038961268,0.002350582
0,0.189330412,0.179301336,0.179048502,0.848008748,0.264277999,0.006279466,0.097676161,0.176231053,0.006558875,0.022522509,0.002350838
0,0.234798365,0.219923307,0.21979689,0.848204888,0.264164549,0.005830803,0.108090283,0.17595204,0.008557876,0.011991246,0.002351014
0,0.187518436,0.17748936,0.177194387,0.84799549,0.264055761,0.005048377,0.098734672,0.178998567,0.006757836,0.025659856,0.002351056
0,0.204331887,0.19308078,0.19308078,0.848069485,0.264154447,0.008707904,0.122795447,0.1925345,0.010090642,0.014946462,0.002351162
0,0.194892756,0.18486368,0.184695125,0.848034781,0.264121811,0.006135383,0.114783331,0.180966745,0.005883433,0.016817708,0.002351216
0,0.191310943,0.181408285,0.181071173,0.848019265,0.263794671,0.003964107,0.112267331,0.183900158,0.005759616,0.02052201,0.002351549
0,0.203404829,0.192238001,0.192195862,0.848065474,0.263977279,0.001853017,0.098563682,0.176736294,0.012337277,0.01510803,0.002351764
0,0.205764612,0.193965699,0.193797143,0.848074449,0.265287394,0.00403706,0.108912665,0.182369354,0.007434986,0.014831896,0.002352024
0,0.216046521,0.20214066,0.201845687,0.848111118,0.264230599,0.002246966,0.134650773,0.204615037,0.007341909,0.014068123,0.002352039
0,0.187981965,0.17791075,0.177657916,0.848000619,0.264455168,0.00536846,0.112413894,0.201342282,0.004610255,0.025201592,0.002352322
0,0.203489107,0.19228014,0.192238001,0.848065697,0.264173097,0.006543923,0.104751901,0.177663826,0.009918153,0.015105092,0.002352563
0,0.223378703,0.207787282,0.207281615,0.848141833,0.264349488,0.001785535,0.117413324,0.184111304,0.008278648,0.013527606,0.002353391
0,0.220386836,0.205553917,0.205301083,0.848133328,0.264124142,0.003426075,0.111966063,0.182972626,0.00602262,0.013689174,0.002353419
0,0.190257469,0.18035481,0.180101976,0.848014547,0.263948528,0.005072999,0.101975345,0.177233994,0.007781673,0.021517853,0.002353909
0,0.179512031,0.162487885,0.159074628,0.847891108,0.26356,0.006905042,0.12103669,0.187934545,0.006374431,0.05234787,0.002354059
0,0.189119717,0.179048502,0.178795668,0.848007042,0.2640985,0.008502722,0.110101454,0.177663826,0.005880871,0.022913209,0.002354534
0,0.203109856,0.191774472,0.191605916,0.848063768,0.264014578,0.005217994,0.100330581,0.173689767,0.00602689,0.015196158,0.002354819
0,0.189372551,0.179385614,0.179174919,0.848009042,0.264401551,0.010435076,0.105264872,0.183153608,0.010494541,0.022337441,0.002354931
0,0.179764865,0.166280393,0.161645106,0.84791973,0.26421195,0.008424297,0.112112626,0.186448986,0.01064056,0.050905512,0.002355028
0,0.236736758,0.223041591,0.221988117,0.848226545,0.264163772,0.014639929,0.145504584,0.211582837,0.011562782,0.01164461,0.002355499
0,0.179469892,0.162066495,0.158737516,0.847878309,0.264068194,0.015892904,0.121044832,0.189337154,0.00641371,0.052368433,0.002355654
0,0.197463234,0.186844212,0.186633517,0.848044898,0.263949305,0.01900072,0.11100526,0.184933263,0.008363185,0.016212564,0.002356739
0,0.189246134,0.179259197,0.178922085,0.848007877,0.263921331,0.00355192,0.114107512,0.183492949,0.007173689,0.022540135,0.002356787
0,0.180860478,0.172053432,0.170873541,0.84795661,0.26420651,0.015517194,0.121305389,0.191569263,0.007545994,0.046966203,0.00235775
0,0.199359488,0.188866883,0.188529771,0.848052463,0.264005253,0.005089414,0.107626166,0.179639545,0.003635091,0.015774863,0.002358163
0,0.194260672,0.18448443,0.184273735,0.848032593,0.264064309,0.006027777,0.100696989,0.184216877,0.006181447,0.017199595,0.002358318
0,0.206017446,0.194092116,0.194007838,0.848075402,0.264184753,0.009636236,0.119937466,0.190061081,0.006836395,0.014781957,0.002358546
0,0.233239223,0.218911972,0.218237748,0.848190995,0.264009915,0.010977667,0.105362581,0.176042531,0.007343617,0.012293818,0.002358678
0,0.199359488,0.188866883,0.188445493,0.848052392,0.264284216,0.006035984,0.099345352,0.174994344,0.006552044,0.015774863,0.002359112
0,0.199823016,0.189161856,0.188951161,0.848053839,0.264010692,0.002432997,0.114376211,0.182731317,0.00926662,0.015710236,0.002359469
0,0.200412962,0.189541107,0.189372551,0.848056156,0.263976502,0.00556817,0.10927093,0.182542795,0.004398485,0.015613296,0.002359691
0,0.18734988,0.177278665,0.176941553,0.847994231,0.264062755,0.006695301,0.108888237,0.184405399,0.007657002,0.025833174,0.002359898
0,0.210863428,0.198221735,0.197800346,0.848091895,0.26406664,0.015033878,0.103066426,0.18607194,0.006755274,0.014408883,0.002359993
0,0.225443513,0.210399899,0.210273482,0.848149656,0.264173874,0.011087097,0.107797157,0.180242817,0.009416908,0.01341304,0.002360328
0,0.196241203,0.186001433,0.185875016,0.848039922,0.264260127,0.003323941,0.114172651,0.188288968,0.005126016,0.016403507,0.002360951
0,0.192996502,0.182925288,0.182756732,0.848026488,0.2640138,0.01052262,0.114449493,0.181796245,0.006970459,0.018730079,0.00236108
0,0.179469892,0.161687245,0.158611099,0.847876921,0.263939203,0.027976728,0.123039719,0.195136113,0.168586396,0.052485936,0.002361341
0,0.192912225,0.182798871,0.182588176,0.848026276,0.264218943,0.003294759,0.107398179,0.179556595,0.00832732,0.018774143,0.002361348
0,0.180144115,0.169103704,0.166954616,0.847936682,0.26384518,0.016120884,0.127233052,0.194668577,0.004162806,0.049260461,0.002361579
0,0.228983187,0.214403101,0.213981712,0.84816542,0.264080627,0.003978698,0.097138763,0.177490385,0.008559584,0.012990027,0.00236163
0,0.192069445,0.181956091,0.181703257,0.84802257,0.263661017,0.008613064,0.109507059,0.182746399,0.01074986,0.019291159,0.002362128
0,0.226412709,0.210863428,0.210442038,0.848150962,0.263861498,0.002728458,0.111249532,0.183100822,0.005119184,0.013386602,0.002362222
0,0.180860478,0.17213771,0.170957819,0.847958104,0.263901128,0.003303878,0.109148794,0.182799186,0.00707122,0.046757634,0.002363704
0,0.20091863,0.19021533,0.189962496,0.848057921,0.264317629,0.00699897,0.109360496,0.189586004,0.008631312,0.015481104,0.002364629
0,0.229404576,0.215035186,0.214403101,0.848167432,0.264284993,0.004328874,0.107251616,0.186011613,0.003632529,0.012981214,0.00236466
0,0.189203995,0.179259197,0.178922085,0.848007842,0.263906567,0.008048587,0.10944192,0.179119222,0.006066169,0.022554823,0.002364786
0,0.212633265,0.200202267,0.199738738,0.848099624,0.263677336,0.006131736,0.125742993,0.190415504,0.005798042,0.014288442,0.002365132
0,0.192069445,0.181956091,0.181703257,0.848022429,0.263816428,0.007976545,0.100900549,0.177867431,0.008301703,0.019294097,0.002365471
0,0.207281615,0.195440563,0.195272007,0.848081108,0.26463933,0.002904458,0.114701907,0.189020436,0.009696136,0.014661516,0.002366217
0,0.237242426,0.223420842,0.22266234,0.848227628,0.264226714,0.006497415,0.136433957,0.199162959,0.010650807,0.011603484,0.002366641
0,0.189119717,0.179174919,0.178795668,0.848007218,0.264436518,0.011866787,0.107878581,0.181931981,0.00900874,0.022710515,0.002367161
0,0.20007585,0.189161856,0.1889933,0.848053933,0.26371308,0.005081206,0.108904522,0.184654249,0.00848444,0.015704361,0.002367686
0,0.205343222,0.193712865,0.193670726,0.848073532,0.264089952,0.007584421,0.114262218,0.189276827,0.021113753,0.014858335,0.002367709
0,0.180944756,0.172516961,0.171674181,0.847960163,0.2635126,0.004416418,0.097260899,0.174971722,0.008736343,0.046352247,0.002368374
0,0.187097046,0.17706797,0.176688719,0.84799289,0.264005253,0.005808005,0.117714593,0.200950155,0.008119821,0.026038806,0.002368398
0,0.193797143,0.183894484,0.183768067,0.848030958,0.264131136,0.003054013,0.10770759,0.181102481,0.007022547,0.018110248,0.002368591
0,0.204795415,0.193460031,0.193375753,0.848071273,0.264236038,0.003026655,0.105867409,0.177256617,0.007868771,0.014914149,0.00236869
0,0.187644853,0.177531499,0.177278665,0.847996525,0.263918223,0.008220939,0.110305014,0.193250886,0.013711217,0.025551165,0.00236924
0,0.223673676,0.208166533,0.207913699,0.848142327,0.264094614,0.006265788,0.123397984,0.190988613,0.008457968,0.01348648,0.002369732
0,0.180101976,0.168598036,0.166280393,0.847932753,0.264014578,0.020243664,0.118821958,0.182897217,0.003644484,0.049518969,0.002369981
0,0.197673929,0.186970629,0.186844212,0.848045416,0.263807104,0.003803609,0.110077027,0.180687731,0.009922422,0.016147937,0.002370787
0,0.199359488,0.188951161,0.18857191,0.848052627,0.263703756,0.003093225,0.114921752,0.184269663,0.008825149,0.015748425,0.00237113
0,0.193333614,0.183178121,0.183009566,0.848027794,0.263880924,0.009184837,0.105924406,0.180107081,0.008142876,0.018480384,0.002371556
0,0.196999705,0.186380683,0.186296406,0.848043134,0.263845957,0.006847591,0.118414839,0.19178795,0.005123454,0.016297754,0.002371726
0,0.190510303,0.180565505,0.18035481,0.848015994,0.264777646,0.003406013,0.122469751,0.194080386,0.005577733,0.021268158,0.002371741
0,0.188951161,0.178922085,0.178627112,0.848006466,0.263894134,0.010470641,0.112088198,0.190679436,0.01261309,0.023080652,0.002372142
0,0.197842485,0.187054907,0.18692849,0.848046028,0.26384518,0.009301562,0.117169052,0.193379082,0.006516179,0.016109748,0.002372417
0,0.217605663,0.203404829,0.203278412,0.848116553,0.264152116,0.010686765,0.100762128,0.175552372,0.006630603,0.013927118,0.002372713
0,0.232354304,0.217774219,0.217605663,0.848182678,0.264277222,0.003197184,0.101022685,0.18068019,0.011282699,0.012428947,0.002372778
0,0.2218617,0.206354557,0.206017446,0.848138398,0.264403105,0.004827693,0.117853014,0.188424704,0.004309679,0.013630422,0.002372816
0,0.198306013,0.18734988,0.187139185,0.848046628,0.264095391,0.00415561,0.108847526,0.179239876,0.011402247,0.016039246,0.002372856
0,0.226496987,0.210947706,0.210863428,0.848152703,0.264103939,0.004237682,0.116387383,0.186117186,0.008254738,0.013380726,0.002373423
0,0.180228393,0.169440816,0.167544562,0.847940235,0.263626827,0.004884232,0.096878206,0.178583817,0.014684673,0.049081268,0.002374051
0,0.236568202,0.221061059,0.220850365,0.848217534,0.265152963,0.003853765,0.123536405,0.194020059,0.011492761,0.011800303,0.002374059
0,0.237326703,0.22350512,0.223041591,0.848229251,0.263611286,0.010201625,0.119180224,0.187142749,0.005207991,0.011594671,0.002374432
0,0.200412962,0.189541107,0.18941469,0.848056239,0.264332393,0.006228399,0.101071539,0.176178267,0.009362258,0.01560742,0.002374772
0,0.195735536,0.185537904,0.185411487,0.848038064,0.263700647,0.008222763,0.104149364,0.175235653,0.004020203,0.016532761,0.002375433
0,0.20007585,0.189203995,0.189035439,0.848054121,0.263731729,0.009399137,0.105916264,0.179179549,0.006074708,0.015701423,0.002377344
0,0.208672201,0.196620454,0.196241203,0.848084213,0.2640985,0.011911471,0.113561972,0.1892165,0.007426446,0.014544012,0.002377543
0,0.203109856,0.191816611,0.191774472,0.848063991,0.264550746,0.00468361,0.129464068,0.195347259,0.004659781,0.015178532,0.002377921
0,0.205764612,0.193965699,0.193797143,0.848074532,0.263897242,0.002564313,0.10481704,0.178840208,0.008317073,0.014826021,0.002378776
0,0.189456829,0.179469892,0.179217058,0.848010042,0.264018463,0.002798676,0.109148794,0.179390695,0.006422249,0.02230219,0.002378938
0,0.224895706,0.209472841,0.208756479,0.848145433,0.26390035,0.00426048,0.098531112,0.177354649,0.008181302,0.013471792,0.002379095
0,0.181450423,0.173612574,0.173191185,0.847970221,0.264007584,0.009169334,0.101446089,0.175725813,0.006746735,0.044727759,0.002379373
0,0.200750074,0.18979394,0.189625385,0.848057109,0.26397961,0.004005143,0.109735046,0.183817208,0.007610891,0.01552223,0.002379745
0,0.183388816,0.174876744,0.174371076,0.84798155,0.263651693,0.008004815,0.097228329,0.17844054,0.00621475,0.036951956,0.002380487
0,0.189920357,0.180059837,0.179722726,0.848013089,0.264743455,0.015622977,0.130506294,0.203016364,0.011643049,0.021641232,0.002380705
0,0.210694872,0.197800346,0.197673929,0.848089943,0.264430302,0.002476769,0.120890127,0.189435186,0.004353228,0.014429446,0.002380789
0,0.231806498,0.21773208,0.217563525,0.848182631,0.264029342,0.003382303,0.110402723,0.179895935,0.004591469,0.012431885,0.002381319
0,0.182040369,0.174286798,0.173865408,0.847976162,0.264016132,0.006087964,0.098400834,0.175499585,0.005476118,0.042556879,0.002381755
0,0.188909022,0.178837807,0.178542834,0.848006301,0.264117149,0.007783219,0.102121908,0.174096976,0.008273524,0.023171717,0.002381785
0,0.189161856,0.179217058,0.178837807,0.848007665,0.264169989,0.004876937,0.105728989,0.179247417,0.009191476,0.022695827,0.002381884
0,0.196831149,0.186296406,0.18612785,0.848042687,0.263884032,0.003022096,0.10274073,0.17835759,0.010610673,0.016333005,0.002381908
0,0.192617252,0.182588176,0.182293203,0.848024006,0.264513447,0.01330397,0.122819874,0.18698439,0.009047166,0.018891647,0.002383146
0,0.18777127,0.177742194,0.17748936,0.847998431,0.263970285,0.003404189,0.098775384,0.177844808,0.011472267,0.025439537,0.002383271
0,0.19678901,0.186296406,0.186085711,0.848042216,0.26394542,0.001822012,0.106347811,0.205814041,0.007344471,0.01633888,0.002383381
0,0.188951161,0.178837807,0.178584973,0.848006383,0.264358036,0.004534967,0.104719332,0.17644974,0.006064462,0.023145279,0.002383506
0,0.200876491,0.190046774,0.18979394,0.848057615,0.263849842,0.00698985,0.112120768,0.188236181,0.009610746,0.015492854,0.0023837
0,0.21322321,0.200412962,0.200328684,0.848102612,0.265097792,0.008426121,0.206800528,0.241256316,0.004503516,0.014247316,0.002384089
0,0.19308078,0.182967427,0.182798871,0.848026794,0.264567841,0.014593421,0.14637582,0.214493628,0.010657638,0.018706579,0.002384223
0,0.192954363,0.182925288,0.182630315,0.848026394,0.264067417,0.007107488,0.114327357,0.185151949,0.007030233,0.018747705,0.002384476
0,0.180101976,0.168387341,0.166196115,0.847932576,0.264169212,0.003929454,0.100819125,0.17321469,0.007988319,0.049536595,0.002386488
0,0.196409759,0.186043572,0.185917155,0.84804064,0.264330839,0.007452193,0.122836159,0.192330895,0.010469778,0.01638882,0.002386619
0,0.190173191,0.180228393,0.17993342,0.848013877,0.264122588,0.009170246,0.10906737,0.183613604,0.004714431,0.021558979,0.002387689
0,0.187012768,0.176941553,0.176520163,0.847991972,0.26405887,0.007632752,0.108684678,0.186991931,0.00735301,0.026364878,0.002388558
0,0.204121192,0.192785808,0.192785808,0.848067556,0.263970285,0.00337136,0.103424691,0.176585476,0.012059757,0.015002277,0.002389178
0,0.189498968,0.179469892,0.179259197,0.848010065,0.264086844,0.006255756,0.129056948,0.192542041,0.004948403,0.022275752,0.002389243
0,0.215877966,0.201972104,0.201382158,0.848111023,0.264171543,0.004940771,0.096674646,0.176472363,0.008854182,0.014085748,0.002389429
0,0.192069445,0.18199823,0.181745396,0.848022665,0.263821868,0.003067692,0.102691876,0.185144408,0.006993515,0.019270596,0.002391862
0,0.180396949,0.170452151,0.169061565,0.847949222,0.264117149,0.005873663,0.110760988,0.185046377,0.006473484,0.048455562,0.002392014
0,0.238422317,0.225654208,0.224937845,0.848240156,0.264084513,0.003995112,0.109596626,0.17951889,0.008264985,0.011297975,0.002392688
0,0.190847415,0.180944756,0.180649783,0.848017888,0.264014578,0.015250002,0.115727849,0.185672272,0.007925983,0.021059589,0.002393299
0,0.192069445,0.182040369,0.181745396,0.8480227,0.264096945,0.003468024,0.102081196,0.179073976,0.005673371,0.019267659,0.002393577
0,0.196156926,0.185959294,0.185748599,0.848039734,0.263615948,0.002722075,0.131735796,0.201847523,0.006865428,0.016441696,0.002393654
0,0.216720745,0.203025578,0.202730606,0.848113035,0.264138906,0.004546822,0.114400638,0.18524244,0.006464945,0.014012309,0.002394192
0,0.21857486,0.203994775,0.203826219,0.848121305,0.264709265,0.005321041,0.103074568,0.182663449,0.015439528,0.013856616,0.002394382
0,0.197083983,0.1865071,0.186338545,0.848043804,0.264339387,0.004900647,0.106111681,0.180107081,0.007380335,0.016283066,0.002395138
0,0.220386836,0.205343222,0.205301083,0.848131787,0.26392677,0.009981853,0.103335125,0.180589699,0.007493905,0.013689174,0.002395793
0,0.202857022,0.191521638,0.19143736,0.848063285,0.26404566,0.006905042,0.105647565,0.177890054,0.010053924,0.015228471,0.002395975
0,0.181029034,0.172727656,0.171842737,0.847961716,0.263874708,0.01647562,0.104149364,0.180355931,0.004975728,0.046190679,0.002396034
0,0.19556698,0.185453626,0.185327209,0.848037428,0.263706087,0.005822596,0.10430407,0.181833949,0.008636435,0.016541574,0.00239618
0,0.228603936,0.213560322,0.21322321,0.848163232,0.264035558,0.002100147,0.163938965,0.246489707,0.005110645,0.013075217,0.002396575
0,0.198474569,0.187686992,0.187476297,0.848047651,0.263854504,0.004427361,0.116077972,0.188500113,0.007625407,0.015992245,0.002396601
0,0.23665248,0.221988117,0.221482449,0.848223146,0.263983495,0.00552531,0.118992949,0.193167936,0.00827694,0.011671049,0.002396913
0,0.180860478,0.17213771,0.17091568,0.847956622,0.264445066,0.016569547,0.127322618,0.198107232,0.006756128,0.046839887,0.002397087
0,0.198348152,0.187434158,0.187181324,0.848046745,0.264023902,0.004252273,0.105517286,0.179036272,0.005039771,0.016021621,0.002397211
0,0.232649277,0.218237748,0.218237748,0.848185713,0.264217389,0.00719412,0.103620108,0.179880854,0.009709799,0.012311443,0.002397386
0,0.233913447,0.219164806,0.218911972,0.848194289,0.264020794,0.007559799,0.114254075,0.185890958,0.006879091,0.012158689,0.002397999
0,0.184273735,0.175508828,0.174961021,0.847985961,0.263985049,0.002171276,0.126068689,0.1893824,0.003922858,0.034184745,0.002398684
0,0.180565505,0.171421348,0.169820067,0.847953128,0.264557739,0.002410199,0.099044083,0.175341226,0.008242783,0.047917982,0.002399195
0,0.220555392,0.205680334,0.205343222,0.848133787,0.264099277,0.002528748,0.125808133,0.193680718,0.006993515,0.013683298,0.002399849
0,0.193375753,0.183262399,0.183051705,0.848028052,0.263974948,0.006617788,0.108643966,0.178991026,0.017424013,0.018448071,0.002399927
0,0.195735536,0.185580043,0.185453626,0.84803824,0.264289655,0.007644607,0.106494374,0.180612322,0.009570612,0.016529824,0.002399988
0,0.188024103,0.177995028,0.177742194,0.848001136,0.264156002,0.007828815,0.108481118,0.179571676,0.006403463,0.025128152,0.002400217
0,0.187981965,0.17791075,0.177657916,0.848000595,0.264060424,0.007288047,0.101682219,0.184789986,0.008797824,0.025236843,0.00240041
0,0.206101723,0.194218533,0.194092116,0.848075896,0.264441181,0.005413144,0.109051085,0.185287686,0.011666105,0.014776082,0.00240099
0,0.18035481,0.170199317,0.168387341,0.847945646,0.263912783,0.003934926,0.117844871,0.190370259,0.004535965,0.048531939,0.002401001
0,0.192996502,0.182925288,0.182756732,0.848026405,0.263867714,0.007164027,0.115280017,0.187587663,0.006012373,0.018735955,0.002401893
0,0.194218533,0.184442291,0.184189457,0.848032582,0.264383679,0.013686063,0.106225675,0.186019154,0.008838812,0.017202532,0.002402031
0,0.199022376,0.188319076,0.188234798,0.848050369,0.264125696,0.01201087,0.106730503,0.1892165,0.006294163,0.015862991,0.002402109
0,0.180312671,0.16969365,0.16805023,0.847942423,0.263888695,0.002364603,0.117356327,0.187836513,0.005370234,0.048778697,0.002402134
0,0.193797143,0.183936623,0.183810206,0.848031017,0.264284216,0.004498491,0.111721791,0.192217781,0.005853546,0.018072059,0.002402225
0,0.193755004,0.183894484,0.183725928,0.848030923,0.263989712,0.003954076,0.105411435,0.182889676,0.010143585,0.018110248,0.002402309
0,0.18979394,0.179891281,0.179596309,0.848012442,0.264261681,0.004718263,0.108041429,0.182324108,0.009167567,0.021852739,0.002402824
0,0.194007838,0.184147318,0.183978762,0.848031582,0.263975725,0.003622138,0.120287589,0.193002036,0.006708309,0.017646108,0.002403599
0,0.199022376,0.188276937,0.188192659,0.848050345,0.264075188,0.008269271,0.123780676,0.195942991,0.006260007,0.015868866,0.00240368
0,0.189878218,0.180017698,0.179680587,0.848012959,0.264146677,0.006031425,0.121264677,0.188929945,0.004874966,0.021749923,0.002404208
0,0.183852345,0.175213855,0.174708188,0.847983244,0.264080627,0.009578785,0.130864559,0.204456677,0.009708091,0.035494911,0.002404922
0,0.22514854,0.210147065,0.209809953,0.848147515,0.264018463,0.006165477,0.098645106,0.179315285,0.006323196,0.013430666,0.002405116
0,0.222535923,0.206944503,0.206733808,0.84814068,0.264431079,0.009146536,0.129130229,0.197692482,0.004085954,0.013589295,0.002405416
0,0.210947706,0.198306013,0.197842485,0.848091966,0.264274891,0.005957559,0.108774244,0.180861172,0.010278502,0.014403008,0.0024062
0,0.181661118,0.174033964,0.173612574,0.847974821,0.263803219,0.006595902,0.113570114,0.185151949,0.010641414,0.043914046,0.002406973
0,0.180607644,0.171632042,0.169820067,0.847953175,0.264064309,0.031953602,0.120230593,0.201568509,0.197252121,0.047906232,0.002407686
0,0.227381906,0.211537651,0.211411234,0.848156609,0.264462161,0.011985336,0.122876871,0.195694141,0.006391509,0.013283786,0.002407782
0,0.230710884,0.216552189,0.215877966,0.848175596,0.264321514,0.009349894,0.133901672,0.195098409,0.008758544,0.012672767,0.002407841
0,0.188276937,0.17829,0.177952889,0.848002995,0.263999814,0.007475903,0.134211083,0.193296132,0.005820244,0.024752141,0.002407916
0,0.207281615,0.195440563,0.195272007,0.848081249,0.264734908,0.006097995,0.147304053,0.198997059,0.009893389,0.014652703,0.002408184
0,0.218237748,0.203657663,0.203489107,0.848118011,0.26443341,0.004110014,0.110817985,0.194412186,0.009964264,0.013894805,0.002408325
0,0.20871434,0.19678901,0.196620454,0.848084731,0.267543185,0.002557018,0.107219047,0.186501772,0.008996785,0.014529325,0.002408468
0,0.19843243,0.187644853,0.187392019,0.848047392,0.264616018,0.003583837,0.113244418,0.191720081,0.004026181,0.015995182,0.002408738
0,0.240107876,0.226623404,0.226412709,0.848242897,0.264242255,0.004164729,0.109995603,0.180559535,0.006084101,0.011224535,0.002408834
0,0.19143736,0.181492562,0.181281868,0.848019853,0.264935388,0.005957559,0.118805674,0.195219063,0.005194328,0.020002056,0.002409181
0,0.23500906,0.220007585,0.219923307,0.848209005,0.264125696,0.015159722,0.160038758,0.218090642,0.009136826,0.011979496,0.002409709
0,0.188234798,0.178205722,0.17791075,0.848002089,0.264040997,0.005107652,0.098970801,0.180853631,0.006698916,0.024796205,0.002410302
0,0.194007838,0.184147318,0.183936623,0.848031558,0.263689769,0.005935673,0.107634309,0.180069376,0.00692691,0.017698985,0.002410618
0,0.17993342,0.167544562,0.164131305,0.847927082,0.264440404,0.021623396,0.154583354,0.217623105,0.009094985,0.050338557,0.002411705
0,0.23050019,0.215877966,0.215835827,0.848175137,0.263810212,0.003043982,0.104019086,0.178040872,0.017406935,0.01268158,0.002412246
0,0.192406557,0.18241962,0.182082508,0.848023606,0.263802442,0.005321041,0.116729363,0.187489631,0.004967189,0.019044402,0.00241232
0,0.187939826,0.177868611,0.177615777,0.848000513,0.263901905,0.003301143,0.116338528,0.190475831,0.011246835,0.025269157,0.002412379
0,0.193249336,0.183178121,0.182967427,0.848027558,0.264291209,0.011123574,0.107561027,0.190309931,0.007552825,0.018489197,0.002412967
1,0.184947958,0.176056635,0.175508828,0.847987431,0.264424086,0.01755989,0.110712134,0.181977226,0.005978217,0.031878736,0.00241313
0,0.212843959,0.200286545,0.200117989,0.848099754,0.26395863,0.002743961,0.107023629,0.180627404,0.008467361,0.014285504,0.002413189
0,0.187476297,0.177405082,0.177110109,0.847994996,0.263890249,0.00334765,0.108969661,0.182324108,0.01042879,0.025686295,0.002414816
0,0.183852345,0.175255994,0.174750327,0.847983373,0.2637395,0.005969414,0.11545915,0.189352236,0.011717339,0.035442034,0.002415018
0,0.179638448,0.165648308,0.160928743,0.847912801,0.263967954,0.008693313,0.103986516,0.187338813,0.007261642,0.051090581,0.00241625
0,0.202983439,0.191605916,0.191479499,0.848063474,0.264874778,0.019968265,0.163189864,0.210677928,0.007659564,0.01520497,0.002416502
0,0.234124141,0.219628334,0.219164806,0.848198488,0.263885586,0.008500898,0.110248017,0.182060176,0.013522503,0.012129313,0.002417064
0,0.206607391,0.194766339,0.19434495,0.848078061,0.264532873,0.007964691,0.115491719,0.181223136,0.010158101,0.014737893,0.002417432
0,0.187560575,0.17748936,0.177278665,0.847996019,0.26367889,0.002579816,0.122453466,0.194834477,0.009602207,0.025621668,0.002417463
0,0.195735536,0.185580043,0.185411487,0.848038075,0.263588751,0.002629059,0.115906981,0.191101727,0.00504831,0.016529824,0.002418456
0,0.21200118,0.199022376,0.19885382,0.848095366,0.264316852,0.015803536,0.125970981,0.2011613,0.01371207,0.014350131,0.002418784
0,0.190173191,0.180228393,0.17993342,0.848013842,0.264271006,0.004149226,0.100753986,0.179073976,0.005619575,0.021576605,0.002419047
0,0.212759681,0.200244406,0.20007585,0.848099718,0.264004476,0.005785207,0.117046916,0.191501395,0.007768864,0.014285504,0.002419679
0,0.189920357,0.180101976,0.179764865,0.848013312,0.263636929,0.008449831,0.10811471,0.179873313,0.009615015,0.021626544,0.002420035
0,0.189625385,0.179638448,0.179469892,0.848011265,0.26411948,0.007540649,0.110516716,0.182942463,0.007214677,0.022108309,0.002420216
0,0.181324007,0.173486157,0.172896212,0.847968621,0.264126473,0.003172562,0.106852639,0.183658849,0.006283916,0.045083207,0.00242048
0,0.194808478,0.184821541,0.184652986,0.848034323,0.263965623,0.006151798,0.114970606,0.187120127,0.004132066,0.016867647,0.002420637
0,0.193460031,0.183515233,0.183178121,0.848028699,0.263638483,0.006535715,0.105525429,0.180838549,0.013249252,0.018374631,0.002420677
0,0.193122919,0.183135982,0.182925288,0.848027229,0.264318406,0.008951386,0.124700767,0.1925345,0.005977363,0.018615513,0.002420753
0,0.199401627,0.188951161,0.188614049,0.848052651,0.264100831,0.00208282,0.1223639,0.190807631,0.004790429,0.015736674,0.002421634
0,0.216805023,0.203151995,0.202983439,0.848113882,0.264065086,0.006088876,0.12045858,0.188160772,0.008152269,0.013977057,0.002422206
0,0.232354304,0.218237748,0.217689941,0.848183325,0.26385295,0.004431009,0.103807384,0.180295604,0.00680907,0.012329069,0.002422509
0,0.193712865,0.183852345,0.18364165,0.848030511,0.264075965,0.006947902,0.109083655,0.18424704,0.007481097,0.018157249,0.00242267
0,0.183135982,0.174834605,0.174371076,0.847981432,0.264491689,0.014883411,0.184384516,0.254927984,0.005145656,0.038840827,0.002423071
0,0.218827694,0.204163331,0.203994775,0.848122058,0.264243032,0.004401827,0.112071914,0.188296509,0.011210117,0.013844866,0.002424
0,0.198811681,0.188192659,0.187897687,0.848049745,0.264215835,0.012650124,0.117527318,0.201651459,0.009147927,0.015909992,0.002424468
0,0.216678606,0.202983439,0.202688467,0.848112976,0.265610649,0.013479058,0.14583028,0.206688787,0.003887848,0.014012309,0.002424547
0,0.181492562,0.173654713,0.173317601,0.847970538,0.264005253,0.007810576,0.104507629,0.176163185,0.006088371,0.044680757,0.002424892
0,0.197673929,0.18692849,0.186759934,0.848045192,0.264339387,0.01170173,0.107634309,0.198981977,0.011268183,0.016171438,0.002425021
0,0.193586448,0.18364165,0.183346677,0.848029099,0.264401551,0.011353377,0.110622567,0.189261745,0.010238369,0.018292378,0.002425814
0,0.188234798,0.178163583,0.177868611,0.848001878,0.26392677,0.004596066,0.122266191,0.216627705,0.009451919,0.024796205,0.002426031
0,0.179849142,0.166870338,0.162108634,0.847922,0.263999814,0.006260316,0.116713078,0.19991705,0.006617795,0.050837948,0.0024263
0,0.19434495,0.184610847,0.18448443,0.848033252,0.264391449,0.008044939,0.110874982,0.197579368,0.009731147,0.016988088,0.002427704
0,0.229193881,0.21486663,0.214023851,0.848165902,0.2641459,0.005209787,0.102211474,0.177505467,0.004062045,0.012984152,0.002427823
0,0.204416165,0.193122919,0.19308078,0.848069709,0.264061978,0.00968092,0.103913235,0.187376518,0.005189205,0.014943525,0.00242804
0,0.189161856,0.179217058,0.178837807,0.848007771,0.264016909,0.008167136,0.109539629,0.182776563,0.007738977,0.022593011,0.002430028
0,0.194302811,0.184610847,0.184315874,0.848033005,0.264309858,0.010478848,0.117429609,0.191795491,0.004822024,0.017146718,0.002431679
0,0.184273735,0.175635245,0.175087438,0.847985996,0.264057316,0.010952133,0.12794144,0.200196064,0.007801312,0.03417887,0.002431784
0,0.188614049,0.178753529,0.178332139,0.848005207,0.263881701,0.003474407,0.113610826,0.186705377,0.011046167,0.023374411,0.002431959
0,0.179512031,0.163457081,0.159369601,0.84789659,0.264149785,0.00442189,0.116761933,0.19013649,0.00384259,0.052292055,0.002433086
0,0.236568202,0.221398171,0.220892503,0.848217628,0.263701424,0.012162248,0.124993893,0.195053163,0.009540725,0.011797365,0.002433455
0,0.179512031,0.163583498,0.159453879,0.847898873,0.264155225,0.003721537,0.100639992,0.179036272,0.008596302,0.052239179,0.002433913
0,0.197800346,0.187012768,0.18692849,0.84804591,0.263864606,0.002276147,0.122591887,0.193386622,0.008422104,0.016127374,0.002434298
0,0.209809953,0.197294678,0.196999705,0.848086237,0.264182421,0.002444852,0.099907177,0.188349295,0.010578224,0.014488198,0.002434929
0,0.201129325,0.190426025,0.19021533,0.84805885,0.264056539,0.003112376,0.101893921,0.182429681,0.011681475,0.015451728,0.002436045
0,0.197673929,0.186970629,0.186844212,0.84804531,0.263980387,0.010792548,0.10117739,0.175092376,0.00450437,0.016159687,0.002436095
0,0.237368842,0.223673676,0.223378703,0.848229581,0.264028565,0.003659526,0.11869168,0.189751904,0.00456329,0.011565295,0.002436153
0,0.179596309,0.164636973,0.160001686,0.847909648,0.264139683,0.002836976,0.111966063,0.186712918,0.006139606,0.051331463,0.002436593
0,0.180059837,0.16805023,0.165943281,0.847930212,0.264137352,0.006543923,0.120027033,0.193823995,0.007220654,0.049733414,0.002438818
0,0.234461253,0.219923307,0.219628334,0.8482019,0.263624496,0.004540439,0.117730878,0.19088304,0.008586055,0.012026497,0.002439282
0,0.18777127,0.177700055,0.177405082,0.847997996,0.265252426,0.003244604,0.113513117,0.186117186,0.008872968,0.025454225,0.002439428
0,0.230795162,0.216678606,0.215962243,0.848175843,0.264071303,0.009952671,0.138160145,0.206869768,0.003983485,0.012593452,0.002439439
0,0.183430955,0.174876744,0.174413215,0.847982126,0.264021571,0.020171623,0.120898269,0.188862077,0.007797043,0.036949018,0.002439694
0,0.180439088,0.170957819,0.169440816,0.84795141,0.263593414,0.004135547,0.115296302,0.190822713,0.007774841,0.048117739,0.002440132
0,0.195356285,0.185369348,0.185116514,0.848036593,0.264067417,0.002796852,0.122526748,0.194268909,0.006969605,0.016600326,0.002440488
0,0.180439088,0.17091568,0.169440816,0.847951363,0.264037889,0.008186287,0.123324702,0.191742704,0.007006323,0.048214679,0.002440521
0,0.189498968,0.179469892,0.179301336,0.848010112,0.264079073,0.002074613,0.097676161,0.175529749,0.008978853,0.022272814,0.002440808
0,0.189920357,0.180101976,0.179764865,0.848013183,0.263925216,0.003862884,0.118251991,0.19809215,0.009965118,0.021632419,0.002440809
0,0.19678901,0.186296406,0.18612785,0.848042675,0.264067417,0.00608158,0.100420148,0.181690672,0.009042042,0.016333005,0.002441101
0,0.186970629,0.176730858,0.176351608,0.84799149,0.263737169,0.008675075,0.125319589,0.201010482,0.014053634,0.026479444,0.002441261
0,0.189625385,0.179596309,0.179427753,0.848010865,0.264113264,0.001998012,0.109735046,0.185476208,0.007084029,0.022152373,0.002442922
0,0.187729131,0.177657916,0.177362943,0.84799729,0.264376685,0.002683774,0.099833895,0.178410376,0.007032794,0.025471851,0.002443269
0,0.18734988,0.177278665,0.176941553,0.847994031,0.263967177,0.014459369,0.115849985,0.189231581,0.009011301,0.025856675,0.002443515
0,0.198221735,0.187307741,0.187097046,0.84804651,0.263695985,0.003853765,0.103424691,0.186841113,0.009455334,0.016050997,0.002443966
0,0.181071173,0.172896212,0.171969154,0.847962821,0.263630712,0.001836603,0.118667253,0.200045245,0.005051726,0.046108426,0.002443986
0,0.181113312,0.173106907,0.172179849,0.847965774,0.264375908,0.009071759,0.143778397,0.216710655,0.006434204,0.045764728,0.002445587
0,0.204036914,0.192785808,0.192743669,0.848067532,0.264161441,0.003177122,0.104727474,0.183922781,0.009902782,0.015005214,0.002446485
0,0.221398171,0.205975307,0.205764612,0.848136775,0.264154447,0.007440338,0.102146335,0.175235653,0.013103233,0.01365686,0.002447286
0,0.204542581,0.193249336,0.193165058,0.848070308,0.263956298,0.003953164,0.203201589,0.250305407,0.005289966,0.014934712,0.002447501
0,0.205975307,0.194092116,0.193965699,0.848075167,0.264248471,0.005648419,0.109425636,0.18698439,0.012759108,0.014793708,0.002447717
0,0.195440563,0.185411487,0.18528507,0.848036887,0.263803219,0.005297331,0.11199049,0.182271322,0.008471631,0.016565075,0.002447958
0,0.196199065,0.185959294,0.185790738,0.848039793,0.264969578,0.012392052,0.120678424,0.188628309,0.007189914,0.016424071,0.00244876
0,0.180312671,0.16969365,0.167881674,0.847941929,0.264207287,0.0036805,0.142459329,0.205105196,0.008036991,0.048805135,0.002448859
0,0.180691922,0.171758459,0.170367873,0.847954857,0.264234484,0.00523532,0.106730503,0.177437599,0.00401935,0.047735852,0.0024489
0,0.236694619,0.222072395,0.2218617,0.848223969,0.263917446,0.003728832,0.109148794,0.187180454,0.008736343,0.011656361,0.00244952
0,0.191521638,0.181618979,0.181450423,0.848020406,0.263688991,0.005965767,0.125189311,0.201734409,0.008142876,0.019899241,0.002450106
0,0.225232818,0.210189204,0.210062787,0.848148198,0.264898089,0.002069142,0.143762112,0.203672423,0.010559438,0.013421853,0.002450668
0,0.218785555,0.204121192,0.203868358,0.848122046,0.264269452,0.00494989,0.115768561,0.192413845,0.008317073,0.013844866,0.002450767
0,0.19021533,0.18035481,0.180059837,0.848014171,0.264237592,0.005874575,0.1165828,0.191395822,0.011177669,0.021547229,0.002451375
0,0.198685264,0.188024103,0.187729131,0.848049451,0.264175428,0.004608833,0.117673881,0.193680718,0.007566487,0.015936431,0.002452138
0,0.215119464,0.201045047,0.20091863,0.848108083,0.264223605,0.009617998,0.106510658,0.185280145,0.008230829,0.014153313,0.002453887
0,0.21322321,0.200412962,0.200370823,0.848102648,0.2640985,0.009204899,0.10814728,0.183764422,0.009965972,0.014244378,0.002453957
0,0.181071173,0.173064768,0.172179849,0.847964774,0.264748895,0.018460865,0.123088573,0.205293718,0.008608256,0.045832293,0.002453988
0,0.208377228,0.196241203,0.196072648,0.848082825,0.264082958,0.003763485,0.119204651,0.192210241,0.008850767,0.014561638,0.002454371
0,0.184821541,0.175761662,0.175298133,0.847986714,0.264057316,0.008776297,0.131735796,0.204660282,0.012280919,0.033033209,0.002454529
0,0.204668998,0.193375753,0.193333614,0.848071073,0.263458983,0.002557018,0.09716319,0.173109117,0.012375703,0.014917086,0.002455057
0,0.218448443,0.203868358,0.203657663,0.848119823,0.265273407,0.003338531,0.106559513,0.204969459,0.004677713,0.013868367,0.002455901
0,0.18199823,0.174118242,0.173823269,0.847975726,0.264575611,0.003828231,0.114009803,0.187187995,0.006785161,0.042686133,0.002456237
0,0.187139185,0.177110109,0.176730858,0.847993078,0.264442735,0.004927092,0.141889361,0.225985974,0.009714922,0.026000617,0.002456523
0,0.18119759,0.17335974,0.172432683,0.847966892,0.264002145,0.005916523,0.114156367,0.188386999,0.006746735,0.045644287,0.002457716
0,0.193755004,0.183852345,0.183725928,0.848030911,0.264077519,0.010456962,0.102651164,0.176464822,0.004173907,0.018110248,0.002457861
0,0.231342969,0.217099996,0.216762884,0.848179266,0.264110155,0.006665208,0.108603254,0.18150969,0.009365674,0.012493574,0.002457966
0,0.189541107,0.179512031,0.179301336,0.848010489,0.264121811,0.0086158,0.123544547,0.197277732,0.009261497,0.022234625,0.002457996
0,0.181366146,0.173570435,0.172938351,0.847969127,0.264052653,0.00435532,0.111225105,0.182316567,0.007053288,0.045074394,0.002458036
0,0.231047996,0.216762884,0.216552189,0.848176607,0.263846734,0.004672667,0.100363151,0.190121409,0.010108575,0.012514137,0.002458304
0,0.227887573,0.213096793,0.212759681,0.848160761,0.264366584,0.002248789,0.12505089,0.198853782,0.007473411,0.013104593,0.002458696
0,0.19434495,0.184610847,0.184442291,0.848033181,0.26386616,0.01261,0.112853583,0.185136868,0.006733926,0.016999838,0.002458779
0,0.1889933,0.178964224,0.178753529,0.848006724,0.263956298,0.005892813,0.115703421,0.183598522,0.006068731,0.02294846,0.002458851
0,0.224432177,0.208756479,0.208503645,0.848144139,0.264466824,0.002460354,0.102610452,0.179390695,0.008243637,0.013477667,0.00245971
0,0.23745312,0.223673676,0.223420842,0.848231133,0.264277222,0.005831715,0.114596056,0.186946686,0.01035877,0.011512419,0.002460069
0,0.218448443,0.203868358,0.203615524,0.848119658,0.26371308,0.002560665,0.120776133,0.192466631,0.008609964,0.013871304,0.002460532
0,0.180649783,0.171758459,0.170241456,0.847954575,0.264079073,0.007067363,0.106771215,0.179714954,0.007118185,0.047803416,0.002462249
1,0.182798871,0.174666049,0.174118242,0.847978373,0.264362698,0.010798931,0.124448353,0.189782068,0.004396777,0.03993361,0.002462572
0,0.187434158,0.177362943,0.177110109,0.847994596,0.264322291,0.001955152,0.137785594,0.201206546,0.00608154,0.025700983,0.002463282
0,0.210104926,0.197421095,0.197294678,0.848086978,0.26356544,0.002370075,0.144690345,0.218716537,0.006708309,0.014470573,0.002464575
0,0.181618979,0.173907547,0.173570435,0.847974256,0.264751226,0.00401791,0.142687316,0.219244401,0.004086808,0.044134365,0.002464739
0,0.205090388,0.193586448,0.193544309,0.848072073,0.264041774,0.002176748,0.152816454,0.216982128,0.006755274,0.014899461,0.002466621
0,0.199317349,0.188740466,0.188361215,0.848051604,0.264343272,0.011026911,0.115499862,0.189865018,0.007190768,0.015801301,0.002467047
0,0.189583246,0.179512031,0.179343475,0.848010618,0.263896465,0.005217082,0.109124367,0.181208054,0.013317564,0.022187624,0.002467068
0,0.192659391,0.182630315,0.182293203,0.848024229,0.264079073,0.005181517,0.118308988,0.18929945,0.010369017,0.018871084,0.002468261
0,0.180649783,0.171674181,0.170199317,0.847953445,0.264589598,0.005768792,0.102447604,0.188914863,0.003798187,0.04783573,0.002468353
0,0.214403101,0.20091863,0.200792213,0.848106,0.266208981,0.017164118,0.12906509,0.219998492,0.012118676,0.014185626,0.002468447
0,0.234250558,0.219712612,0.219333361,0.848199077,0.264096945,0.00395134,0.103237416,0.184488349,0.011543996,0.012070561,0.002468991
0,0.2111584,0.198474569,0.198306013,0.848093554,0.264541421,0.00664241,0.125042748,0.208732373,0.00870731,0.01438832,0.00247019
0,0.224937845,0.209809953,0.208925035,0.848146104,0.264234484,0.010211656,0.115638282,0.189276827,0.005057703,0.013460041,0.002470846
0,0.235346172,0.22021828,0.220007585,0.848213558,0.263824976,0.002381018,0.098555539,0.174896312,0.01148166,0.011938369,0.002471184
0,0.216762884,0.203109856,0.202857022,0.848113188,0.263921331,0.005014636,0.112096341,0.191222381,0.006853473,0.014009371,0.002471443
0,0.180986895,0.1725591,0.171758459,0.84796061,0.264358036,0.020818173,0.14412852,0.210979564,0.007227486,0.046269994,0.002471767
0,0.196241203,0.186001433,0.185832877,0.848039887,0.264231376,0.004713703,0.135505724,0.203498982,0.007931107,0.01641232,0.002471868
0,0.208840757,0.196915427,0.196746871,0.84808486,0.264067417,0.003585661,0.105688277,0.18134379,0.006166077,0.014520512,0.002473324
0,0.190383886,0.180396949,0.180228393,0.8480153,0.264643992,0.009669977,0.127485466,0.205934696,0.007281282,0.021464977,0.002473476
0,0.186717795,0.176309469,0.175761662,0.847988361,0.265316922,0.010007387,0.156855082,0.21807556,0.005619575,0.026890707,0.002473877
0,0.187012768,0.176899414,0.176435886,0.847991737,0.264385233,0.008360463,0.111062257,0.192670236,0.007475973,0.026394254,0.002474212
0,0.189119717,0.17913278,0.178795668,0.848007218,0.263950859,0.004066242,0.136360675,0.2056406,0.00979519,0.022907334,0.002475117
0,0.181155451,0.173317601,0.172306266,0.847966221,0.264561624,0.041236925,0.200457603,0.288945027,0.008533966,0.045741228,0.00247576
0,0.180228393,0.169398677,0.167460284,0.847939117,0.264203402,0.002998386,0.130921556,0.206741573,0.010437329,0.049192897,0.002478978
0,0.180228393,0.169398677,0.167502423,0.847940082,0.264450505,0.005891901,0.11678636,0.187504713,0.003788794,0.049142958,0.002480079
0,0.181618979,0.173865408,0.173486157,0.847972174,0.263937649,0.003346739,0.097521455,0.175484503,0.003765739,0.044254807,0.00248062
0,0.205722473,0.193839282,0.193755004,0.848074414,0.264138906,0.002834241,0.110093312,0.188349295,0.007602352,0.014831896,0.00248136
0,0.192322279,0.182293203,0.181956091,0.848023382,0.264316075,0.003576542,0.113244418,0.186358495,0.007505006,0.019097278,0.002482885
0,0.207787282,0.195735536,0.19556698,0.848081778,0.26580569,0.003495381,0.118642826,0.185151949,0.008826003,0.014626265,0.002483074
0,0.190341747,0.180396949,0.180186254,0.848015183,0.266850052,0.003706034,0.127591317,0.199426891,0.005739122,0.021473789,0.002483693
0,0.186970629,0.176730858,0.176393747,0.847991667,0.263932987,0.002594406,0.108985946,0.182112963,0.005700696,0.026406004,0.002483968
0,0.203868358,0.19270153,0.192659391,0.848067403,0.264174651,0.003999672,0.111396095,0.186064399,0.008243637,0.015025777,0.002484462
0,0.188361215,0.178374278,0.178079306,0.848004277,0.264368138,0.006667943,0.100933118,0.184201795,0.008111281,0.024666951,0.002485471
0,0.190763137,0.180860478,0.180523366,0.848017453,0.264117149,0.01041319,0.101364665,0.182143126,0.005573464,0.021103653,0.002485772
0,0.210147065,0.197589651,0.197378956,0.84808766,0.26370531,0.003181681,0.116053544,0.190174195,0.006949111,0.01446176,0.002485795
0,0.190847415,0.180902617,0.180607644,0.848017641,0.263616725,0.00404162,0.160502874,0.218580801,0.010893317,0.021068402,0.002486256
0,0.201171463,0.190510303,0.190299608,0.848059027,0.26357321,0.002236934,0.106567655,0.188417163,0.004951818,0.015442915,0.002486671
0,0.227129072,0.211411234,0.211326956,0.848156503,0.264228268,0.005920171,0.099320924,0.179390695,0.011900929,0.013301412,0.002488077
0,0.19105811,0.181239729,0.180986895,0.848018759,0.264422531,0.003660438,0.129683912,0.197375764,0.005861231,0.020710016,0.002488298
0,0.17993342,0.167502423,0.164131305,0.847927012,0.264187084,0.005401289,0.110777273,0.19029485,0.006310387,0.050423747,0.002488818
0,0.207450171,0.19556698,0.195440563,0.848081555,0.264518109,0.004232211,0.117600599,0.190400422,0.010743029,0.014638015,0.002490356
0,0.227719017,0.212591126,0.212338292,0.848159514,0.263915892,0.011856756,0.096104679,0.175635322,0.00486045,0.01316922,0.002491004
0,0.181703257,0.174076103,0.173738991,0.847975162,0.264313744,0.008236442,0.129211653,0.200776714,0.00983447,0.043875857,0.002493076
0,0.225612069,0.210399899,0.210399899,0.848149962,0.263537466,0.007367384,0.115565001,0.184963427,0.006082394,0.01340129,0.002495499
0,0.201255741,0.190552442,0.190426025,0.848059321,0.264462161,0.009830474,0.112894295,0.182799186,0.010583348,0.015431165,0.002495785
0,0.220007585,0.205216805,0.205090388,0.848129987,0.265105563,0.003554656,0.134430928,0.208295,0.007976364,0.013753801,0.002496846
0,0.187897687,0.177742194,0.17748936,0.847999466,0.264448174,0.004918885,0.11447392,0.198288214,0.005950892,0.025392536,0.002497024
0,0.186886351,0.176520163,0.176056635,0.847989396,0.264043329,0.006672503,0.119253505,0.191056481,0.00870731,0.026558759,0.002497521
0,0.200244406,0.189372551,0.189161856,0.848055439,0.264342495,0.004206677,0.126825932,0.198604932,0.007056704,0.015672047,0.002498179
0,0.206607391,0.194766339,0.194387089,0.848078355,0.265120327,0.005648419,0.160087612,0.225925647,0.005578587,0.014732018,0.002498722
0,0.187054907,0.176941553,0.176604441,0.847992655,0.26401924,0.002854303,0.099589623,0.18101199,0.008670592,0.026265,0.002499365
0,0.188782605,0.178795668,0.178416417,0.84800576,0.263965623,0.011940652,0.117698308,0.194653495,0.007458041,0.02326572,0.002499627
0,0.181618979,0.173949686,0.173612574,0.847974444,0.264146677,0.008114245,0.110353868,0.185446045,0.007592105,0.044069738,0.002499825
0,0.229446715,0.215119464,0.21486663,0.848168702,0.264134244,0.002935464,0.120336444,0.192904004,0.007889265,0.012978277,0.002501213
0,0.21200118,0.199022376,0.198811681,0.848095248,0.264432633,0.005476067,0.112316185,0.193002036,0.006865428,0.014353069,0.002501361
0,0.179512031,0.162951414,0.159285323,0.847894955,0.263963292,0.029985683,0.129651343,0.201372446,0.189073381,0.052300868,0.002501925
0,0.181239729,0.173401879,0.1725591,0.847967445,0.264912853,0.005830803,0.140317879,0.23076691,0.010876239,0.04556791,0.002502972
0,0.206017446,0.194218533,0.194092116,0.84807579,0.263780684,0.004843196,0.108961519,0.191524018,0.010568831,0.01477902,0.002503186
0,0.190004635,0.180144115,0.179849142,0.848013642,0.264588821,0.009506744,0.14079828,0.212374632,0.009437402,0.021617731,0.002503395
0,0.196873288,0.186338545,0.186169989,0.848042898,0.263601184,0.002468562,0.124049375,0.207141241,0.01247988,0.016312442,0.002503408
0,0.188361215,0.178416417,0.178121445,0.848004325,0.263925993,0.00370877,0.109384924,0.182889676,0.005586273,0.024587636,0.002504135
0,0.193375753,0.183304538,0.183135982,0.848028111,0.2641933,0.005361165,0.097529598,0.182806726,0.005213114,0.018445133,0.002505079
0,0.179722726,0.166111837,0.161307994,0.847916636,0.264438073,0.009379987,0.138917387,0.222667974,0.004512055,0.050984827,0.002505133
0,0.2275926,0.212464709,0.212127597,0.848158832,0.264364252,0.00423677,0.132843161,0.200633436,0.006791992,0.013175095,0.002505368
0,0.181618979,0.173907547,0.173570435,0.84797335,0.263709195,0.002458531,0.111192535,0.185559158,0.00485618,0.044151991,0.002506999
0,0.219923307,0.204879693,0.20458472,0.848127658,0.263835078,0.002218696,0.127265621,0.206153382,0.004879236,0.013780239,0.002507798
0,0.180101976,0.168682314,0.166364671,0.847933059,0.264023125,0.006784669,0.144494927,0.220081442,0.011111064,0.049507219,0.002508643
0,0.193628587,0.183810206,0.183515233,0.848029664,0.263964846,0.003169826,0.099988601,0.191795491,0.004780182,0.018221876,0.002512882
0,0.212464709,0.20007585,0.199359488,0.848098965,0.264021571,0.003828231,0.105411435,0.178742176,0.009112917,0.014300192,0.002513621
0,0.240444988,0.226623404,0.226496987,0.848243638,0.263898019,0.004679962,0.108163564,0.185649649,0.007488782,0.011127594,0.002515511
0,0.19270153,0.182672454,0.182377481,0.8480245,0.264435741,0.004143755,0.100867979,0.195965613,0.007429862,0.018853458,0.002516202
0,0.179512031,0.162066495,0.158779655,0.847883368,0.264303642,0.002015338,0.166463107,0.232440992,0.008568123,0.052362557,0.002517638
0,0.192954363,0.182925288,0.182672454,0.848026394,0.264357259,0.006060606,0.126459524,0.19792625,0.00502867,0.01874183,0.002517705
0,0.181281868,0.173444018,0.172727656,0.847968303,0.264156779,0.005687632,0.098278698,0.186524395,0.004918516,0.045341715,0.002517803
0,0.18035481,0.170283595,0.168682314,0.847947528,0.263995151,0.005909228,0.105940691,0.198748209,0.007899512,0.048517251,0.002519059
0,0.239686486,0.226623404,0.225654208,0.848241968,0.264337832,0.004679051,0.11392838,0.188628309,0.010383533,0.011227472,0.002519122
0,0.190552442,0.180649783,0.18035481,0.848016288,0.264304419,0.003063132,0.109295357,0.194012518,0.010160663,0.021238782,0.002519387
0,0.19308078,0.182967427,0.182798871,0.848026805,0.26403245,0.005160543,0.103848095,0.182889676,0.007627115,0.018683078,0.002519439
0,0.18241962,0.174371076,0.173949686,0.84797675,0.263906567,0.002673743,0.105557998,0.19278335,0.014571103,0.041032269,0.002519524
0,0.188403354,0.178458556,0.178121445,0.84800456,0.263929101,0.006142679,0.11291058,0.199487218,0.010118821,0.024584698,0.002519647
0,0.207028781,0.195103451,0.194977034,0.848079955,0.264036335,0.002269764,0.119562916,0.192180077,0.008453699,0.014676204,0.002519745
0,0.193628587,0.183768067,0.183430955,0.848029652,0.266406353,0.003201744,0.142149918,0.205429455,0.005978217,0.018227751,0.002519753
0,0.187560575,0.17748936,0.177236526,0.847995772,0.263630712,0.00268651,0.10988161,0.192692859,0.00813946,0.025653981,0.002520816
0,0.17955417,0.164131305,0.159748852,0.847903837,0.264332393,0.003151588,0.194709072,0.257589925,0.005067096,0.051675161,0.002521065
0,0.222114534,0.206733808,0.206438835,0.848139622,0.26401924,0.005786119,0.098946374,0.177075635,0.007269327,0.013609859,0.002521891
0,0.192195862,0.182082508,0.181829674,0.848023076,0.264162995,0.002851567,0.098563682,0.180197572,0.004663197,0.019250033,0.002523276
0,0.190973832,0.181071173,0.180860478,0.848018477,0.264048768,0.003580189,0.109906037,0.182655908,0.00639407,0.02076583,0.00252386
0,0.187097046,0.177025831,0.176688719,0.847992819,0.264149008,0.007270721,0.116257104,0.187467009,0.006028597,0.026103433,0.002525463
0,0.201677131,0.190889554,0.19063672,0.848060027,0.263981941,0.005104916,0.108814956,0.18242214,0.014194529,0.015392976,0.002525625
0,0.195187729,0.185242931,0.184990097,0.84803597,0.264096945,0.007230597,0.108350839,0.183153608,0.01581781,0.016664953,0.002526914
0,0.212591126,0.200160128,0.199401627,0.848099177,0.264197963,0.003515443,0.112324328,0.18797979,0.010329737,0.014297255,0.002528228
0,0.191479499,0.181618979,0.181408285,0.848020182,0.264777646,0.00373248,0.127290048,0.197006259,0.007000346,0.019931554,0.002528342
0,0.184947958,0.175972357,0.17542455,0.847986879,0.264011469,0.006279466,0.101307669,0.188055199,0.006277085,0.031905175,0.002528367
0,0.189878218,0.180059837,0.179722726,0.848013077,0.263917446,0.004693641,0.105492859,0.183161149,0.006040552,0.021685296,0.002528414
0,0.218911972,0.204247609,0.204036914,0.848122505,0.26685316,0.022235293,0.243408732,0.331068547,0.007875603,0.013824303,0.002529098
0,0.189625385,0.179638448,0.179469892,0.848011301,0.26465254,0.003929454,0.152555898,0.218475228,0.004841664,0.022105371,0.002530656
0,0.189330412,0.179301336,0.179006363,0.848008218,0.263526587,0.003122407,0.103367694,0.194917427,0.008557022,0.022528384,0.002530946
0,0.190931693,0.181071173,0.180860478,0.848018418,0.264121034,0.004794864,0.116102399,0.190785009,0.010842082,0.020795206,0.002532798
0,0.180860478,0.172179849,0.171042097,0.84795828,0.264152893,0.005934761,0.127037634,0.211846769,0.006278793,0.046745884,0.002533951
0,0.187560575,0.17748936,0.177236526,0.847995913,0.2640138,0.008220028,0.108424121,0.186139808,0.00785767,0.025633418,0.002534934
0,0.229910244,0.215835827,0.215414437,0.848173161,0.264037889,0.004752004,0.123104858,0.190234522,0.006010665,0.012769708,0.002535214
0,0.180144115,0.169061565,0.166870338,0.847935988,0.263521148,0.003279257,0.111436807,0.198167559,0.008732927,0.049377965,0.002536831
0,0.190889554,0.180986895,0.180734061,0.848018182,0.263837409,0.00588187,0.122583745,0.195565945,0.013040898,0.021039026,0.002537102
0,0.192322279,0.182293203,0.181956091,0.848023288,0.263708418,0.003216334,0.123243278,0.192338436,0.005599935,0.019147217,0.002540215
0,0.187012768,0.176941553,0.176562302,0.847992231,0.263972617,0.004629807,0.09944306,0.177580876,0.010708019,0.026359003,0.002540593
0,0.189625385,0.179680587,0.179469892,0.848011548,0.264133467,0.004026117,0.110280587,0.187602745,0.007126724,0.022099496,0.002540998
0,0.180439088,0.17091568,0.169398677,0.847951269,0.264070526,0.005206139,0.12294201,0.190189277,0.005570902,0.048255805,0.002544563
0,0.196746871,0.186254267,0.186043572,0.848041628,0.264269452,0.007482286,0.106486231,0.190445668,0.004518032,0.016353568,0.002545734
1,0.180902617,0.172432683,0.171632042,0.847959904,0.265668151,0.026118239,0.114986891,0.178395294,0.01017091,0.046510876,0.002547517
0,0.191943028,0.181829674,0.181618979,0.848022206,0.263517262,0.007001705,0.114156367,0.187715859,0.006252322,0.019341098,0.002547984
0,0.183473094,0.174918882,0.174581771,0.847982432,0.265122658,0.002333598,0.139625776,0.208981223,0.005017569,0.036003114,0.002549072
0,0.221103198,0.20584889,0.205722473,0.848135304,0.264860791,0.002370075,0.131719511,0.210270719,0.00967735,0.013665673,0.002550134
0,0.182461759,0.174539632,0.174033964,0.847977785,0.263986604,0.004824045,0.108090283,0.200852123,0.009948894,0.040779637,0.002552
0,0.188529771,0.178584973,0.178247861,0.848005089,0.264752003,0.006757311,0.146457244,0.21384511,0.005092713,0.024508321,0.002553614
0,0.180523366,0.171126375,0.169567233,0.847951963,0.264729468,0.00432705,0.104971746,0.205105196,0.010834397,0.047997297,0.002554084
0,0.189288273,0.179301336,0.179006363,0.848007983,0.264124919,0.008032172,0.130815705,0.210926778,0.011519232,0.022531322,0.002555514
0,0.180944756,0.1725591,0.171674181,0.847960445,0.264268675,0.003318469,0.160714577,0.22935676,0.006160099,0.046275869,0.002557272
0,0.200581518,0.189667523,0.189541107,0.848056921,0.265602101,0.00452676,0.157905451,0.233240329,0.00510723,0.015575107,0.002557496
0,0.203657663,0.192448696,0.192406557,0.848066485,0.265846874,0.013544716,0.117519175,0.195784632,0.011622555,0.015063966,0.002558154
0,0.216004382,0.202056382,0.201550714,0.848111047,0.264264789,0.011356113,0.121793932,0.226340397,0.013450774,0.014082811,0.002558603
0,0.18692849,0.176688719,0.17626733,0.847990337,0.264152893,0.003814552,0.116086114,0.199532464,0.011006887,0.026535258,0.002560199
0,0.180481227,0.171042097,0.169525094,0.847951857,0.26443341,0.003007505,0.107463319,0.185302768,0.00796014,0.048070737,0.002560567
0,0.187686992,0.177615777,0.177362943,0.847997043,0.264441181,0.013930457,0.148965102,0.215609683,0.006330027,0.025480663,0.002561813
0,0.235514728,0.220428975,0.220134002,0.848215134,0.264361144,0.005084854,0.113244418,0.188907322,0.006591323,0.011906056,0.00256222
0,0.182798871,0.174708188,0.17420252,0.847979491,0.263802442,0.002982883,0.10525673,0.202533746,0.003688887,0.039907172,0.002563848
0,0.207408032,0.19556698,0.195440563,0.848081472,0.264194854,0.002950966,0.126426955,0.201342282,0.007889265,0.014640953,0.002563928
0,0.233997724,0.219333361,0.21899625,0.848194995,0.264014578,0.003348562,0.122412754,0.200241309,0.007848277,0.012152813,0.002564209
0,0.20336269,0.192195862,0.192111584,0.848065415,0.264642438,0.004556854,0.132248766,0.217200814,0.006562291,0.015116843,0.002567591
0,0.183852345,0.175087438,0.17462391,0.847983114,0.264449728,0.002956438,0.147507613,0.222464369,0.008340983,0.035506661,0.002567997
0,0.18734988,0.177278665,0.176941553,0.847994255,0.264468378,0.006227487,0.128324132,0.218505392,0.011463728,0.025824361,0.002570261
0,0.211242678,0.198558847,0.198306013,0.848093789,0.264838256,0.00255793,0.131906786,0.214033632,0.005727168,0.014385383,0.002570304
0,0.182503898,0.17462391,0.174076103,0.847977903,0.264292763,0.00359934,0.161463677,0.263886585,0.005126016,0.04072676,0.002570367
0,0.223294425,0.207534449,0.207281615,0.848141763,0.265108671,0.008125188,0.114710049,0.209765478,0.007474265,0.013536419,0.002570609
0,0.187939826,0.177784333,0.177531499,0.848000231,0.264131913,0.004617952,0.102545312,0.17719629,0.010604696,0.025336721,0.002572679
0,0.221061059,0.205764612,0.205722473,0.848135175,0.263850619,0.0029765,0.141938216,0.208031069,0.007238586,0.013677423,0.00257286
0,0.180734061,0.171884876,0.170536429,0.847956422,0.263794671,0.009422847,0.117511033,0.189759445,0.004547065,0.047230586,0.002573491
0,0.208124394,0.196072648,0.19598837,0.84808239,0.263855281,0.007139405,0.10736561,0.181947063,0.003920296,0.014591014,0.002574488
0,0.191605916,0.181661118,0.181492562,0.848021241,0.264399997,0.004432833,0.098392691,0.200377045,0.007738123,0.0198023,0.002577845
0,0.194977034,0.184990097,0.184821541,0.848035522,0.264372023,0.002567961,0.139015096,0.21019531,0.004015934,0.016738393,0.002577927
0,0.20707092,0.195187729,0.195019173,0.848080108,0.264017686,0.00717497,0.098620678,0.18316869,0.009726023,0.014670329,0.002579823
0,0.186970629,0.176688719,0.176309469,0.847990384,0.264357259,0.008183551,0.133958669,0.216876555,0.003664123,0.026517633,0.002581181
0,0.207576588,0.195693397,0.195482702,0.848081614,0.263976502,0.006868565,0.135986125,0.203627177,0.005429153,0.014629203,0.002582233
0,0.19927521,0.18857191,0.188361215,0.848051369,0.264424086,0.00368506,0.142931588,0.223625669,0.010421105,0.015810114,0.002586349
0,0.180101976,0.168724453,0.166533227,0.84793307,0.264950152,0.00441733,0.174629928,0.24087927,0.00540439,0.049486656,0.002587764
0,0.226749821,0.211200539,0.211116261,0.848153844,0.263681998,0.004680874,0.115499862,0.187187995,0.006303556,0.013368976,0.002589216
0,0.189667523,0.179722726,0.179512031,0.848011653,0.263763589,0.002668272,0.122355757,0.193665636,0.007335932,0.022087746,0.002589791
0,0.206733808,0.194892756,0.194766339,0.848078649,0.263994374,0.007477726,0.101030827,0.184707036,0.004979143,0.014714393,0.002593896
0,0.189077578,0.179048502,0.178753529,0.848006971,0.264283439,0.00394678,0.130278307,0.209931378,0.008834542,0.022913209,0.002594206
0,0.234882643,0.219965446,0.219923307,0.848207629,0.264124919,0.005704046,0.12773788,0.195596109,0.006258299,0.011985371,0.002595697
0,0.179722726,0.166196115,0.161518689,0.847919518,0.264471486,0.002998386,0.113504975,0.19245155,0.004674298,0.050978952,0.002597949
0,0.219164806,0.204331887,0.20420547,0.848123164,0.264168434,0.002305328,0.102577882,0.178975944,0.011882143,0.013806677,0.002598197
1,0.18241962,0.174328937,0.173907547,0.847976609,0.264133467,0.004249537,0.107634309,0.181750999,0.010187988,0.041205587,0.002599155
0,0.238380178,0.225401374,0.224937845,0.848238815,0.265116442,0.004121869,0.114938036,0.184865395,0.006305264,0.0113156,0.002599739
0,0.193333614,0.183178121,0.183009566,0.848027629,0.265023972,0.007957395,0.134585634,0.203302918,0.017745936,0.018483322,0.002602177
0,0.203278412,0.191985167,0.191943028,0.848064344,0.264070526,0.008498162,0.118642826,0.193627932,0.004551335,0.015149156,0.002603404
0,0.186759934,0.176351608,0.175930218,0.847988914,0.264410099,0.006234782,0.13426808,0.208053691,0.00572546,0.026870144,0.002604343
0,0.181450423,0.173612574,0.173064768,0.84796948,0.264235261,0.00881551,0.155259172,0.223361737,0.007121601,0.044915765,0.002604344
0,0.194387089,0.184610847,0.18448443,0.848033276,0.264236815,0.007050949,0.103400264,0.200980318,0.013247544,0.016982213,0.002605191
0,0.187181324,0.177110109,0.176815136,0.847993349,0.26438601,0.004677227,0.140155031,0.216348692,0.007996004,0.025941865,0.002606848
0,0.203236273,0.191943028,0.191900889,0.848064262,0.264335501,0.002587111,0.159615353,0.233270492,0.006840665,0.015152094,0.002607494
0,0.187855548,0.177742194,0.17748936,0.847999442,0.263871599,0.006585871,0.115483577,0.202722268,0.007084883,0.025395473,0.002608215
0,0.193839282,0.183978762,0.183852345,0.84803104,0.263857612,0.003313909,0.149738629,0.233217706,0.011626825,0.017807676,0.002610285
0,0.209852092,0.197294678,0.197126122,0.848086449,0.264417869,0.004884232,0.126842217,0.203551768,0.007345325,0.014485261,0.002610991
0,0.219333361,0.204374026,0.204289748,0.848124152,0.264230599,0.004641662,0.10063185,0.182022472,0.008603133,0.01380374,0.002611369
0,0.201803548,0.190931693,0.190805276,0.84806018,0.264209618,0.007872587,0.122689596,0.193009577,0.013332935,0.015345975,0.002611659
0,0.208967174,0.196999705,0.196831149,0.848085096,0.265025526,0.003656791,0.120466722,0.195309554,0.008125798,0.014517574,0.002617328
0,0.183852345,0.175213855,0.174750327,0.847983314,0.263741831,0.008287509,0.132069634,0.205165523,0.006482877,0.03548316,0.002621352
0,0.214023851,0.200876491,0.200581518,0.848105624,0.264396889,0.00721783,0.1329083,0.203001282,0.010478317,0.014194439,0.002623912
0,0.192153723,0.182040369,0.181787535,0.848022759,0.264944713,0.003978698,0.152555898,0.220986351,0.007201014,0.019255908,0.002625815
0,0.221988117,0.206438835,0.206354557,0.848138598,0.264156779,0.006003155,0.102683733,0.182143126,0.005383042,0.013621609,0.002625987
0,0.192743669,0.182756732,0.182461759,0.848025276,0.264042552,0.002958262,0.14854984,0.237749793,0.011705384,0.018818207,0.002626265
0,0.238338039,0.225064262,0.224895706,0.848238803,0.263688991,0.005908316,0.118211279,0.201259332,0.01078487,0.0113156,0.00262744
0,0.218490582,0.203994775,0.203741941,0.848120858,0.264470709,0.008213644,0.117926295,0.206960259,0.007939646,0.013856616,0.002629224
0,0.179849142,0.166912477,0.162487885,0.847922765,0.264776869,0.010381273,0.130693569,0.203521605,0.004282354,0.05082326,0.002629917
0,0.194092116,0.184189457,0.183978762,0.848031711,0.264722475,0.005718637,0.128657971,0.204072091,0.009657711,0.017637296,0.002631541
0,0.224347899,0.20871434,0.208461506,0.84814348,0.265344896,0.006652441,0.156977218,0.225473192,0.004453135,0.013477667,0.002632441
0,0.218322026,0.203826219,0.203615524,0.848119517,0.264063532,0.002460354,0.144291367,0.221031596,0.004694792,0.013874242,0.002638048
0,0.192490835,0.182503898,0.182124647,0.848023817,0.264351042,0.001917763,0.122632599,0.195407586,0.008586909,0.018970962,0.002639544
0,0.190847415,0.180944756,0.180649783,0.848018065,0.264386787,0.006128088,0.153231716,0.226242365,0.005334369,0.021056651,0.002639965
0,0.199612321,0.189119717,0.188909022,0.84805358,0.264574057,0.004881496,0.146440959,0.219078501,0.006681838,0.015730799,0.002640684
0,0.19308078,0.183009566,0.182798871,0.848026888,0.264061201,0.007944628,0.124024948,0.193318754,0.009274305,0.018647827,0.002641035
0,0.191268805,0.181408285,0.181071173,0.848019253,0.264315298,0.002854303,0.137793737,0.211364151,0.007882434,0.020554323,0.002641834
0,0.193712865,0.183852345,0.183599511,0.848030335,0.264151339,0.003168915,0.154159949,0.242885152,0.010356208,0.018204251,0.002644868
0,0.183894484,0.175340272,0.174834605,0.847984067,0.264014578,0.004388149,0.108090283,0.208393032,0.007078052,0.035348031,0.002647069
0,0.229067464,0.214487379,0.214023851,0.84816582,0.264427971,0.009042577,0.126093116,0.203250132,0.007889265,0.012984152,0.002648405
0,0.202393494,0.191184527,0.191015971,0.848061862,0.26466575,0.002105618,0.163800544,0.240720911,0.006641704,0.015293098,0.002648467
0,0.184821541,0.175719523,0.175255994,0.847986702,0.264840587,0.004538615,0.148818539,0.227818415,0.005155049,0.033039085,0.00265145
0,0.204331887,0.19308078,0.19308078,0.848069191,0.264899643,0.001888582,0.150406305,0.223535178,0.007381189,0.014952338,0.00265313
0,0.212127597,0.19927521,0.199022376,0.848096519,0.265122658,0.002731194,0.100705131,0.189699118,0.0117088,0.014332506,0.002658133
0,0.183515233,0.174961021,0.174581771,0.84798282,0.264936165,0.006950638,0.124326217,0.223821733,0.008393925,0.035953175,0.002658755
0,0.215119464,0.200960769,0.20091863,0.848108,0.2639664,0.004033413,0.130815705,0.197662318,0.010305828,0.01415625,0.002661197
0,0.193417892,0.183388816,0.183178121,0.848028217,0.264406213,0.005650243,0.140895989,0.214161828,0.007991734,0.01843632,0.002665955
0,0.187855548,0.177742194,0.17748936,0.847998995,0.265135091,0.005468771,0.134251795,0.207895332,0.007537455,0.025395473,0.002668862
0,0.180059837,0.168176647,0.166027559,0.847931282,0.264223605,0.005208875,0.143061866,0.211959882,0.008243637,0.049657036,0.00266911
0,0.21200118,0.199022376,0.198895959,0.848095436,0.264345603,0.002392872,0.150088752,0.22097881,0.010945405,0.014347194,0.002670792
0,0.187265602,0.177152248,0.176899414,0.84799349,0.264067417,0.007113871,0.126443239,0.200384586,0.005551262,0.02593599,0.002674314
0,0.181534701,0.173823269,0.173444018,0.84797195,0.264683622,0.003529122,0.127689026,0.199457055,0.008557876,0.044281245,0.002675948
0,0.224937845,0.209472841,0.208840757,0.848146057,0.264529765,0.007510555,0.185467455,0.253238821,0.0067937,0.013468854,0.002677223
0,0.187897687,0.177784333,0.17748936,0.847999737,0.264300534,0.00361849,0.104124937,0.178734635,0.003898095,0.025389598,0.002678331
0,0.183430955,0.174918882,0.174539632,0.847982349,0.272115377,0.005010989,0.150976273,0.221778146,0.003845152,0.036014864,0.002678502
0,0.191353082,0.181450423,0.181155451,0.848019465,0.264261681,0.004255921,0.130245737,0.206145841,0.007757763,0.020513197,0.002681449
0,0.20664953,0.194892756,0.194513506,0.84807852,0.264173874,0.002453059,0.113537545,0.201545886,0.005057703,0.014714393,0.002682448
0,0.181534701,0.17378113,0.173401879,0.847971138,0.264174651,0.003417868,0.143037439,0.212344469,0.008379409,0.044475126,0.002684988
0,0.195440563,0.185411487,0.185242931,0.848036817,0.264636999,0.007781395,0.120719136,0.207412714,0.008626189,0.016568013,0.002699767
0,0.194218533,0.184358013,0.184147318,0.848032299,0.264054984,0.003450697,0.149372221,0.22413091,0.006367599,0.017305348,0.002701015
0,0.182546037,0.174666049,0.174118242,0.847978291,0.264208064,0.003177122,0.119546631,0.191848277,0.006969605,0.040688571,0.002704198
0,0.19514559,0.185158653,0.184947958,0.848035887,0.264938496,0.002739401,0.17677952,0.259550562,0.005260933,0.016667891,0.002707874
0,0.191015971,0.181239729,0.180944756,0.848018688,0.26411948,0.00275308,0.138803394,0.213920519,0.004699061,0.020712953,0.002709751
0,0.210273482,0.19763179,0.197505373,0.848087884,0.264509562,0.002960085,0.143273568,0.211198251,0.007183082,0.01445001,0.002714126
0,0.211116261,0.19843243,0.197884623,0.848092495,0.264401551,0.010117729,0.132085919,0.209388432,0.005785233,0.014394195,0.002715094
0,0.197758207,0.186970629,0.186844212,0.848045604,0.264100054,0.009826827,0.129977038,0.209230073,0.006826148,0.016130312,0.002717982
0,0.186970629,0.176730858,0.176309469,0.847991137,0.264361921,0.005559051,0.102594167,0.182210995,0.008438329,0.02650882,0.002719017
0,0.210104926,0.197463234,0.197336817,0.848087154,0.26400603,0.007139405,0.139080235,0.210851369,0.009154758,0.014467635,0.002723155
0,0.180228393,0.169525094,0.167755257,0.847941223,0.264321514,0.004458366,0.098001856,0.213226755,0.00702084,0.048910888,0.002723197
0,0.193038641,0.182967427,0.182756732,0.8480267,0.26405887,0.002555194,0.110077027,0.187218159,0.008282917,0.018712454,0.002726465
0,0.221988117,0.206607391,0.206354557,0.848138763,0.267998539,0.005413144,0.134976468,0.221107006,0.009280283,0.013609859,0.002731428
0,0.226623404,0.211116261,0.210989845,0.848153021,0.263658686,0.003094137,0.105875552,0.180137245,0.006576807,0.013377789,0.002734252
0,0.202056382,0.191015971,0.190931693,0.848061486,0.264495575,0.00677555,0.112023059,0.206492723,0.007315438,0.015322474,0.002734264
0,0.23871729,0.226412709,0.225064262,0.848240462,0.264176205,0.007168586,0.111567085,0.182663449,0.00722407,0.011295037,0.002734918
0,0.180101976,0.168808731,0.166701782,0.847933576,0.26376592,0.008354991,0.101364665,0.183802127,0.005266911,0.049395591,0.00273744
0,0.180017698,0.167755257,0.164636973,0.847928224,0.264971909,0.006760047,0.124578631,0.207533369,0.005062826,0.050259242,0.002739246
0,0.181239729,0.17335974,0.172516961,0.847967139,0.266874917,0.005712253,0.194619506,0.253291607,0.004031304,0.045600223,0.002745907
0,0.194007838,0.184147318,0.183894484,0.848031323,0.264209618,0.005857248,0.143029296,0.221898801,0.00817874,0.017710735,0.002746776
0,0.200202267,0.189330412,0.189119717,0.84805518,0.263803219,0.002672831,0.106160535,0.186780786,0.00496975,0.015674985,0.002748776
0,0.191648055,0.181703257,0.181534701,0.848021653,0.26428033,0.00289078,0.133584119,0.211062514,0.007605767,0.019684796,0.002750388
0,0.210399899,0.197673929,0.19763179,0.848088684,0.265165396,0.00322363,0.150650577,0.228142674,0.00529082,0.014435322,0.002750862
0,0.182461759,0.174413215,0.173991825,0.847977303,0.264351819,0.009482122,0.117869298,0.195482995,0.014133901,0.040788449,0.002751043
0,0.197378956,0.186717795,0.186549239,0.848044734,0.264481588,0.002389225,0.10774016,0.186162431,0.009200869,0.016227252,0.002759837
0,0.215667271,0.201550714,0.201129325,0.848109506,0.263853727,0.005402201,0.118740534,0.201153759,0.008592032,0.014097499,0.002760306
0,0.198221735,0.187307741,0.187097046,0.848046251,0.264403882,0.002080997,0.132883873,0.212631023,0.006780037,0.016050997,0.002760649
0,0.216594328,0.202857022,0.202393494,0.848112529,0.264419423,0.005284564,0.127477323,0.207171405,0.006869698,0.014015246,0.002763363
0,0.1807762,0.171969154,0.170831402,0.847956457,0.26772657,0.00684212,0.152881593,0.222366337,0.007496467,0.047107207,0.002764042
0,0.217226413,0.203320551,0.203151995,0.848115776,0.265745079,0.012461357,0.146457244,0.220330292,0.00437543,0.013950619,0.002765003
0,0.229530993,0.21528802,0.215077325,0.848168984,0.26475278,0.006231135,0.128527692,0.207412714,0.008381971,0.01284021,0.00276951
0,0.188866883,0.178795668,0.178458556,0.848006042,0.263580981,0.003784459,0.20660511,0.273855667,0.004752003,0.023177592,0.002770409
0,0.218911972,0.20420547,0.203994775,0.848122423,0.263950859,0.006887716,0.118235706,0.194216122,0.009976219,0.013824303,0.002771579
0,0.204163331,0.192870086,0.192785808,0.848067873,0.264629228,0.005810741,0.116704936,0.198265591,0.010809634,0.014999339,0.002771637
0,0.189035439,0.179006363,0.178753529,0.848006818,0.264738016,0.004994574,0.112226619,0.185121786,0.008677423,0.022945522,0.002772112
0,0.187981965,0.177952889,0.177700055,0.848000807,0.264291986,0.005103092,0.135180028,0.207209109,0.004541942,0.025172216,0.002773971
0,0.199359488,0.188782605,0.188445493,0.848052368,0.265034851,0.004888792,0.144022668,0.214041173,0.005184935,0.015783676,0.002780333
0,0.227129072,0.211411234,0.211369095,0.848156515,0.265133537,0.002590759,0.114245933,0.186682754,0.007949039,0.013289661,0.00278372
0,0.218237748,0.203615524,0.203404829,0.848117764,0.264845249,0.002339981,0.135961698,0.215571978,0.004182446,0.013894805,0.002785073
0,0.187518436,0.17748936,0.177152248,0.847995431,0.264883325,0.003206303,0.130734281,0.205105196,0.006427373,0.025668669,0.002786662
0,0.186717795,0.176309469,0.175761662,0.84798822,0.263758926,0.004438304,0.095876692,0.185468668,0.011469705,0.026893645,0.002786943
0,0.190173191,0.180228393,0.180017698,0.84801403,0.26417232,0.005503424,0.106144251,0.229545283,0.007579296,0.021556042,0.002788747
0,0.191605916,0.181661118,0.181492562,0.848021006,0.264245363,0.006279466,0.141164688,0.209064173,0.00994804,0.019861052,0.002791107
0,0.188361215,0.178332139,0.178037167,0.848003983,0.263930656,0.003134262,0.097448174,0.187014554,0.004009103,0.024672826,0.002793986
0,0.19678901,0.186296406,0.186085711,0.848042487,0.264217389,0.008159841,0.128576547,0.213166428,0.007166858,0.016333005,0.002794511
0,0.180860478,0.172179849,0.171126375,0.847958398,0.264281885,0.006844855,0.126939925,0.209720232,0.010509058,0.046710633,0.002803422
0,0.2382959,0.224895706,0.224432177,0.848237015,0.26452044,0.004051651,0.114530917,0.211183169,0.007476827,0.011324413,0.002805949
0,0.215877966,0.201972104,0.201340019,0.8481098,0.264050322,0.005827155,0.11059814,0.192511877,0.010552607,0.014085748,0.002811941
0,0.18777127,0.177700055,0.177447221,0.847998266,0.264638553,0.00517787,0.140098034,0.20655305,0.010124799,0.025439537,0.002822666
0,0.204331887,0.19308078,0.193038641,0.848069085,0.264413984,0.003023008,0.104092367,0.195550863,0.011696845,0.014952338,0.002826411
0,0.197589651,0.186886351,0.186675656,0.848044992,0.264609802,0.00255337,0.156195548,0.228964633,0.005967116,0.016194939,0.002829463
0,0.180565505,0.17133707,0.16969365,0.847953116,0.26724091,0.003100521,0.202810754,0.266548526,0.007701405,0.047935608,0.002833678
0,0.18035481,0.169820067,0.168134508,0.847944658,0.264681291,0.002399256,0.18701451,0.250652289,0.010119675,0.048746383,0.002834898
0,0.187939826,0.177826472,0.177573638,0.848000419,0.264239924,0.006640586,0.112088198,0.187987331,0.004810069,0.025280907,0.00283657
0,0.199190932,0.188445493,0.188276937,0.848050933,0.263873154,0.003140645,0.106217532,0.185310308,0.004851911,0.015824802,0.002837207
0,0.203278412,0.192069445,0.191943028,0.848064521,0.264632336,0.010266371,0.154697347,0.248616243,0.009473266,0.015146219,0.002839519
0,0.196704732,0.186169989,0.186043572,0.84804151,0.264852243,0.006502886,0.11545915,0.225397783,0.008212897,0.016365319,0.00284772
0,0.20049724,0.189625385,0.189498968,0.848056615,0.26470538,0.003042158,0.104035371,0.188854536,0.00866803,0.015575107,0.002848278
d,0.191015971,0.181071173,0.180860478,0.848018582,0.264490912,0.004320667,0.148443988,0.220081442,0.005366818,0.020742329,0.002850273
0,0.234798365,0.219965446,0.219923307,0.848207582,0.264322291,0.003925806,0.115263732,0.203257673,0.012121238,0.011985371,0.002853309
0,0.199022376,0.188276937,0.188192659,0.848050369,0.26559977,0.003144293,0.152661749,0.219877837,0.004126088,0.015862991,0.002855574
0,0.211074122,0.198306013,0.197884623,0.848092342,0.26892712,0.004811279,0.128617259,0.202398009,0.004179884,0.014397133,0.002859344
0,0.221187476,0.20584889,0.205764612,0.848136045,0.264180867,0.004023382,0.101665934,0.187459468,0.010564562,0.013659798,0.002859573
0,0.193460031,0.183515233,0.183178121,0.848028817,0.264111709,0.004012439,0.105167163,0.189978131,0.005790357,0.018357005,0.002860658
0,0.212043319,0.199106654,0.198895959,0.84809553,0.264584159,0.006522948,0.133746967,0.202103914,0.00608154,0.014344256,0.002871442
0,0.203320551,0.192069445,0.192069445,0.848064885,0.265840657,0.00273393,0.100200303,0.199547545,0.005178958,0.015137406,0.002872545
0,0.193839282,0.183978762,0.183852345,0.848031087,0.263688991,0.003702386,0.122917583,0.206688787,0.008051508,0.017804738,0.002875506
0,0.187012768,0.176899414,0.176520163,0.847991914,0.263919777,0.005352046,0.111672936,0.185227358,0.008031014,0.026367816,0.002882702
0,0.191521638,0.181618979,0.181408285,0.848020194,0.265306043,0.003274697,0.182438484,0.258170575,0.005036355,0.019925679,0.002884853
0,0.189330412,0.179301336,0.179048502,0.848008795,0.264268675,0.003230925,0.176950511,0.249883116,0.004927909,0.022499009,0.002893196
0,0.205090388,0.193586448,0.193460031,0.848072026,0.264625343,0.00295735,0.150031755,0.221438806,0.006200233,0.014899461,0.002899082
0,0.186717795,0.176351608,0.175888079,0.84798842,0.26397961,0.005641124,0.111672936,0.185709977,0.008077125,0.026876019,0.002907749
0,0.206396696,0.19434495,0.194260672,0.848076685,0.264720144,0.005632005,0.1585487,0.227516779,0.008071148,0.014764332,0.002911139
0,0.189203995,0.179217058,0.178837807,0.848007818,0.26413269,0.003127878,0.182454769,0.251481789,0.004459113,0.022578324,0.002923505
0,0.189161856,0.179217058,0.178795668,0.848007501,0.264319183,0.004235858,0.143281711,0.216197873,0.004868989,0.02270464,0.002933764
0,0.180017698,0.16762884,0.164299861,0.847927471,0.264361921,0.003378656,0.109555914,0.202118996,0.005853546,0.050270993,0.002934773
0,0.181071173,0.173064768,0.17213771,0.847964304,0.26491363,0.006211984,0.14215806,0.211560214,0.003799041,0.045855794,0.002935473
0,0.2218617,0.206396696,0.206143862,0.848138539,0.264059647,0.003300231,0.121508948,0.191908604,0.006014081,0.013624547,0.002940003
0,0.215877966,0.201845687,0.201255741,0.848109753,0.265956438,0.00344249,0.16831143,0.257190257,0.009768719,0.014085748,0.002940104
0,0.191184527,0.181281868,0.181029034,0.848019041,0.264131913,0.004899735,0.122152198,0.235246211,0.007632238,0.020636576,0.002945667
0,0.179764865,0.166364671,0.161897939,0.847920106,0.263884809,0.004059858,0.128991809,0.2084609,0.004123526,0.050902575,0.002980648
0,0.192111584,0.182040369,0.181745396,0.848022747,0.264772983,0.00512589,0.099695474,0.206726491,0.013887122,0.019258846,0.002996508
0,0.198306013,0.18734988,0.187097046,0.848046557,0.264311413,0.006187363,0.132598889,0.218354574,0.00639407,0.016039246,0.003001856
0,0.200286545,0.18941469,0.189161856,0.848055604,0.27063431,0.004971776,0.375804061,0.400022623,0.009635509,0.015651484,0.003002743
0,0.190805276,0.180860478,0.180607644,0.848017559,0.264336278,0.003184417,0.109181364,0.210602519,0.009717484,0.021068402,0.003029226
0,0.189541107,0.179512031,0.179301336,0.848010406,0.264345603,0.009255054,0.189278095,0.247387075,0.007791066,0.022261064,0.003033937
0,0.20420547,0.192954363,0.192870086,0.848068203,0.265329355,0.004151962,0.129252365,0.240411734,0.005966262,0.014996401,0.003050893
0,0.195019173,0.184990097,0.18486368,0.848035605,0.26428033,0.003403277,0.15406224,0.223158133,0.004898876,0.016735455,0.00310077
0,0.194892756,0.184821541,0.184695125,0.848034605,0.264449728,0.003935837,0.110134024,0.205240932,0.005697281,0.016841209,0.003110599
0,0.194808478,0.184779402,0.184652986,0.848034287,0.264828931,0.004832253,0.133820249,0.224605987,0.008667176,0.016867647,0.003155396
0,0.222957313,0.207281615,0.20707092,0.848141233,0.264582605,0.004446511,0.11392838,0.239695347,0.009756764,0.013548169,0.003198793
0,0.206944503,0.194977034,0.194934895,0.848079731,0.265051169,0.002186779,0.120613285,0.1958525,0.00763907,0.014699705,0.003202898
0,0.217605663,0.203489107,0.203278412,0.848116976,0.265696902,0.005140481,0.1552836,0.232350501,0.006657074,0.013915368,0.003208644
0,0.181661118,0.173991825,0.173612574,0.847974797,0.273731652,0.00639984,0.150854137,0.233255411,0.007852547,0.04394636,0.003271667
0,0.217099996,0.203278412,0.203109856,0.848114753,0.263967177,0.001946033,0.098270555,0.235766533,0.004116695,0.013956494,0.003295249
0,0.197336817,0.186675656,0.186549239,0.848044616,0.265033297,0.002845184,0.182886316,0.273659603,0.011052998,0.016233127,0.003318805
0,0.194766339,0.184779402,0.184652986,0.848034252,0.265478549,0.00568216,0.151277542,0.247575598,0.009762741,0.016870584,0.003322924
0,0.23130083,0.216889301,0.216762884,0.848178913,0.264175428,0.004968128,0.117559887,0.189020436,0.00657083,0.012496512,0.003325752
0,0.189498968,0.179512031,0.179301336,0.848010242,0.26356544,0.003522739,0.098164704,0.208234673,0.006092641,0.022266939,0.003454514
0,0.208250811,0.196199065,0.196072648,0.848082672,0.264487027,0.002585287,0.188024167,0.278470704,0.011853964,0.014573388,0.003455042
0,0.181071173,0.173064768,0.17213771,0.847964727,0.267757652,0.003039422,0.141474099,0.303597014,0.008153123,0.045844043,0.003458068
0,0.193544309,0.183557372,0.183262399,0.848028982,0.264690616,0.010078516,0.198902405,0.257054521,0.006241221,0.018324692,0.003499786
0,0.219333361,0.204331887,0.204247609,0.848123505,0.264889542,0.001978862,0.146571238,0.278417917,0.006487147,0.01380374,0.003548167
0,0.227508322,0.212338292,0.211537651,0.848158762,0.264492466,0.003629433,0.108798671,0.248480507,0.008906271,0.013178033,0.003866452
0,0.193122919,0.183135982,0.182925288,0.84802717,0.264754334,0.004317931,0.132012637,0.239378629,0.008692793,0.018624326,0.003879496
0,0.190383886,0.180396949,0.180228393,0.848015312,0.264275668,0.004734678,0.111404237,0.258660734,0.004394216,0.021438538,0.003893075
0,0.219965446,0.205090388,0.204795415,0.848128952,0.269025029,0.003334884,0.13334799,0.203551768,0.005033793,0.013762613,0.003909661
0,0.189836079,0.17993342,0.179638448,0.848012912,0.264227491,0.005575466,0.106152393,0.238187165,0.009045458,0.021820425,0.004100327
0,0.200160128,0.189246134,0.189119717,0.848055027,0.264898089,0.009002453,0.168246291,0.236686524,0.005458186,0.015689673,0.004701273
